Flow Duration,Total Fwd Packets,Total Backward Packets,Total Length of Fwd Packets,Total Length of Bwd Packets,Fwd Packet Length Max,Fwd Packet Length Min,Fwd Packet Length Mean,Bwd Packet Length Max,Bwd Packet Length Min,Bwd Packet Length Mean,Flow Bytes/s,Flow Packets/s,Flow IAT Mean,Flow IAT Std,Flow IAT Max,Flow IAT Min,Fwd IAT Total,Fwd IAT Mean,Bwd IAT Total,Bwd IAT Mean,Fwd PSH Flags,Fwd URG Flags,Fwd Header Length,Bwd Header Length,Fwd Packets/s,Bwd Packets/s,Min Packet Length,Max Packet Length,Packet Length Mean,Packet Length Std,Packet Length Variance,FIN Flag Count,SYN Flag Count,RST Flag Count,PSH Flag Count,ACK Flag Count,URG Flag Count,Down/Up Ratio,Average Packet Size,Avg Fwd Segment Size,Avg Bwd Segment Size,Init_Win_bytes_forward,Init_Win_bytes_backward,act_data_pkt_fwd,min_seg_size_forward,Label
46437588.957309246,18.0,15.0,3895.927997676241,3903.8219187075197,480.8139915060377,29.46822753928881,392.45458142963156,392.40320997492785,29.543215458295307,385.36498017248135,31125.3469594236,8.49952576719987,2832536.8333974136,429077.9451202873,4455710.387991382,67185.41886140672,54797197.73693484,4589382.123132044,36620512.992022,2909054.762495616,1.0,0.0,37.0,22.0,344.6873541672,499.1160120778091,15.358072539087129,1250.662866156554,763.4989441167459,380.7538739099484,235627.31582995167,1.0,0.0,1.0,0.0,0.0,0.0,0.3441370765812285,342.94151406324255,243.73173265051872,709.009311148315,8613.0,34667.0,8.0,22.0,0
26333267.506683387,45.0,33.0,4860.2590732623985,707.3789537292095,1380.925167452709,35.45611546894831,613.9173992835259,510.8388268662513,12.686126845199151,222.3630750865367,229185.19456410332,336.79383856084434,2754992.9336835244,1125344.8211497145,640540.5353316715,96058.6962506625,8404184.225964747,4920942.13947505,37413158.63219511,109595.55506474403,0.0,0.0,36.0,59.0,266.8374732416012,246.73899558321605,37.2497331391785,907.3801409487343,172.42727896028552,461.36954791258364,79793.49294183242,0.0,1.0,0.0,1.0,1.0,0.0,4.172113760755782,464.99713929756126,121.41949611396433,210.3689674586885,1021.0,27787.0,2.0,28.0,0
51516016.59676304,25.0,1.0,2523.6762835636177,2698.897458300281,1180.689291730013,36.842287891807665,724.5957401319614,266.9446835617968,35.60077828470782,55.23503125175258,64602.12558530267,797.7133248450718,4142906.0772690903,1511079.0849468545,9687835.690402372,37091.23215416692,40662839.158653714,1760901.3205219517,8105652.453259228,4244111.773567308,1.0,0.0,53.0,27.0,194.54414851622764,31.590728820947696,5.969109137610258,397.4879309028252,768.3158324058802,458.3401422496836,63984.77047018594,1.0,1.0,0.0,1.0,1.0,0.0,2.6171192392244618,20.500996885901507,410.94312416000236,467.76329450982064,17902.0,33184.0,14.0,26.0,0
41842384.375532776,35.0,35.0,753.7316126542039,2590.545436144456,201.45908005432133,20.145317007323968,582.1428384403142,1316.4989733245789,23.753221921137904,395.56324545449894,76248.1224077721,839.3346923680901,3552953.3259416465,514844.72469074285,3113435.308960017,42508.17675141312,48868618.08798,3191479.5410787584,41612734.63473359,777830.1991671209,0.0,0.0,46.0,36.0,406.33617628867273,298.33311741476166,39.88276044304974,1128.6855009640376,613.4542954505415,324.6963085538703,249852.23134691783,1.0,0.0,0.0,1.0,1.0,0.0,4.5359868666830625,523.0010294487325,191.6376899717541,553.7585393502142,13541.0,18198.0,16.0,39.0,0
5651546.695911084,23.0,22.0,109.12398703267966,4293.557834847886,1495.6706004428568,20.811004589622762,771.3047543685161,453.54052254516654,5.041053669865061,768.2792311557745,316178.1782338021,139.19074104593318,133862.2472214612,1653579.763847489,1901741.2818118096,81212.29611870591,14116148.048550284,2370189.7554527516,40485346.63245702,3033225.1096419534,0.0,0.0,40.0,29.0,355.0696435701622,60.39305084110213,15.16500244366194,163.34210768852506,519.9376242576743,464.1193240560826,179672.4178761311,1.0,0.0,0.0,1.0,0.0,0.0,4.389954404963522,580.1771178597907,749.7296682566694,67.44729665106192,5029.0,61463.0,15.0,32.0,0
58537365.47585372,14.0,6.0,1179.093908794322,2335.4848533438385,1323.632035489308,31.99481643055346,629.9640331757782,859.7745158450016,5.748746458221365,528.9649765870773,196524.4030459596,774.5615652818682,248246.22659293242,1855009.7192500993,2867612.545385549,50576.23147427412,16573165.600030506,4933157.105569287,40955604.74489077,2223995.4520257176,1.0,0.0,38.0,52.0,234.73425448822098,123.13775673449892,25.950996155542178,1170.6500382952233,547.2947888697151,208.3520515412316,11840.943324821996,1.0,1.0,0.0,0.0,0.0,0.0,4.062538845250828,462.345305081258,23.122466705367696,139.41829312663413,20472.0,24034.0,14.0,38.0,0
45668620.979719184,38.0,12.0,693.8382002211443,1950.0439006577533,454.50631928149687,12.578027669768051,696.1051218443026,1196.2826607064062,27.72381707718806,406.4951141703224,460934.03983248206,116.58846314212002,3008190.7038276223,1194789.0581476814,9644088.216965875,73657.3093115733,57871168.64946596,469945.31221461686,4445159.093769641,2214814.7546382807,0.0,0.0,48.0,35.0,446.34968426762026,165.0611757415629,38.7162692593344,901.3784244747998,278.5499724541167,1.8081223924704681,15471.369256394113,1.0,1.0,0.0,0.0,1.0,0.0,2.5794944812221066,407.31587729402054,131.69345543963482,278.3958988672623,33197.0,55452.0,4.0,35.0,0
47164072.25231195,48.0,22.0,3401.187021119773,3212.2338253360663,1261.8690063049698,33.495294493802746,109.00117552323701,1184.3831996885417,6.9177574576831224,106.33981774310057,159646.33165457423,390.6725275663727,2431474.186035755,1337895.317983159,951917.6743451899,45970.94644535921,15876591.72316415,2062462.1965718258,26810883.706006743,359913.91465786926,0.0,0.0,50.0,49.0,115.74406089149757,365.7839067010569,2.3040420151589913,201.69546485874633,524.2130896854601,31.285557923079686,6375.390990049467,1.0,0.0,0.0,0.0,1.0,0.0,1.2585532087471614,651.7504494951324,212.2511654050729,542.672675835885,11678.0,25621.0,10.0,34.0,0
7687689.846900077,13.0,13.0,644.2892229575144,1361.6580548041966,195.37251653221898,19.765665860696938,591.2825323351544,680.0439375329216,20.29170806328173,216.90030662867807,363117.4461791122,998.6109054969039,1301663.092059614,105151.98064611075,8674357.374606801,21549.514181270046,25797993.03695297,4377819.683591654,24542698.88761174,4013958.498810866,0.0,0.0,39.0,22.0,86.02536307015382,92.72025381537176,36.91457451700762,156.07812211486052,165.61985225938693,54.7436628504076,149904.72487821727,0.0,0.0,0.0,0.0,1.0,0.0,2.529877519555663,551.4707193888886,175.18623504269215,362.4473875379156,17898.0,29070.0,2.0,22.0,0
27023705.887796134,39.0,5.0,2551.39646083834,733.2513183316261,1498.6929064923884,4.634268973410736,363.2691856313475,735.3356705366194,39.67097903714843,249.92368066814333,230603.60513443832,193.3982324076789,2093861.7804866934,1891039.782043813,7081360.505070464,74520.38427810108,25951503.078948725,1420972.5013220508,5203602.307108305,4465369.37128151,0.0,0.0,21.0,38.0,321.7590784024572,83.71072047433391,22.712455414173732,1136.2210468172352,751.410237378064,47.67672659143013,17891.125015487953,0.0,0.0,0.0,1.0,1.0,0.0,0.5040568890089003,236.89775098161792,196.10718053217403,592.6721532102314,1320.0,39574.0,7.0,21.0,0
22248510.655930642,13.0,26.0,3483.541680788717,2410.271279157779,1011.8997147155438,2.882365882917748,451.42096588079465,1492.2645534451362,0.16030418933357993,616.5467710336428,330009.65543452644,154.8096189950488,3789793.6833455698,784969.4685298876,8301891.5997986905,13115.516918470992,15182831.961031083,3939176.4603437246,13342853.305880746,56072.32025375808,0.0,0.0,24.0,56.0,486.0251770081834,23.437157006914905,28.17587515909809,467.68642349560224,255.39880516926297,175.85119542513172,233347.08921123264,0.0,1.0,1.0,1.0,1.0,0.0,3.2942307423671306,768.0772037023889,531.7171319477192,696.7263351470901,3303.0,17244.0,10.0,20.0,0
55605972.56592726,36.0,27.0,2922.3383817356757,2107.7712682306296,989.1825227158436,33.679728441578526,530.1998793962382,1024.912316389375,0.6631920759022769,703.8344218664031,299887.7088223236,423.3775322142467,4133230.811804992,1847800.8010908598,9759216.428275285,19858.36635313081,46547689.395138994,1914533.0307384983,26458316.945250407,893842.2743098915,0.0,0.0,25.0,57.0,124.38103008007839,436.74672824058655,5.967367355453934,1338.3807021201317,219.04547958896288,350.6354035546788,234226.6350056695,0.0,0.0,0.0,1.0,1.0,0.0,0.6698860961450381,571.6684114723658,275.4594210842564,611.5303757468635,10318.0,14410.0,13.0,31.0,0
38632263.339719795,39.0,5.0,1030.8872322338857,1193.5469050232136,172.0434613968338,2.222716676275116,776.4557910303441,1229.3721269521088,39.723383277220265,723.2806457818219,236444.7079822232,620.0488574438916,2806554.1163823307,1157955.0495004852,8423125.00861355,62682.49827842086,46311188.74440608,4899912.720910901,44574635.685175076,4519617.039788599,0.0,0.0,38.0,28.0,125.58551908797942,347.0592067536743,21.33549723324129,1152.626610704057,574.7069825914429,395.32440330024747,136513.51668701993,0.0,1.0,0.0,0.0,0.0,0.0,2.555864812503615,790.5923645516912,499.71901788463117,793.9528217043343,29682.0,24850.0,1.0,24.0,0
49365874.03463653,23.0,11.0,4028.457649864023,1862.8585781710349,1349.668762389073,11.224457445346236,787.9709035166672,1357.7287950600787,23.38555336536662,787.9635144355882,475035.5412027561,932.96788163084,1927462.0348046578,9237.59768665522,9434389.68926575,74726.98001920698,22699702.535412915,4417765.652282114,14224487.557002807,2747918.5703874906,0.0,0.0,44.0,35.0,70.60992513313278,20.93328634319562,26.940548589009747,1059.3577572878653,532.0300000916219,295.10663717231233,154159.7328489877,1.0,0.0,0.0,0.0,0.0,0.0,0.2719098708340889,777.5838266897173,714.4011882441072,608.4016336106868,43652.0,52709.0,16.0,39.0,0
26605408.51544104,37.0,10.0,3588.4193628943763,1857.3065511381872,82.33927467852536,13.365201620061832,244.8180314805661,1189.8811608948351,5.076399020740525,786.2460128215353,171422.55001320245,980.8403243875013,1354213.11071404,77083.99864687143,1278083.2153412886,89468.7886867815,50107712.33905294,1507300.467955414,49785164.857584566,751047.8516628024,0.0,0.0,52.0,36.0,430.4212140815424,15.117860513419174,18.249892295507273,446.7648368448384,372.0131563077781,73.21808727848978,72973.60038131246,0.0,1.0,0.0,0.0,0.0,0.0,1.4975624513732293,736.7495837918701,489.99427711004756,684.6997721058115,51663.0,9476.0,9.0,22.0,0
13635096.068364829,14.0,26.0,3705.360659421087,1664.3779994862255,391.60896474007467,6.919777807663752,592.3277280015747,310.36184363220866,35.892087990163745,763.3393235590255,88700.02707451135,70.57099595480324,2610070.435375498,1360837.6113398438,7959927.766018031,27258.649741589168,12785282.989005744,3851195.374575738,32748351.346082065,1014749.472593185,0.0,0.0,29.0,42.0,113.9723726652557,279.778473941053,6.199407124242269,1075.0589977715622,513.3080630588133,373.9508010740876,15993.13560206833,1.0,0.0,0.0,0.0,1.0,0.0,1.1604023033489392,609.1898021557399,561.7355772033775,669.2457596027008,41259.0,28673.0,17.0,38.0,0
33275532.63616307,4.0,29.0,690.0464477242738,1922.1418354455677,248.8119377432871,12.55573479207957,604.9871595895095,860.7692712568554,35.21521200510769,76.02126959224981,339079.2210338261,138.85951983055742,1574433.3432033407,1125336.0276638663,5461300.183869667,11072.425860055435,259342.2342850511,1684945.8626225102,45625540.68939187,3300271.2349413335,0.0,0.0,51.0,41.0,252.08608483571902,141.9846662420688,9.764763003423065,1424.2956193916577,144.4045959734678,177.40095956879946,184365.11129795387,0.0,0.0,0.0,0.0,0.0,0.0,3.1001577135583522,495.35490742763454,305.09257261265867,589.6072945784364,40425.0,44047.0,10.0,33.0,0
3829971.5489944154,5.0,29.0,653.8188661057093,3441.286993461489,1174.0811934106391,29.707702669003424,290.2644318241781,188.7654696792355,21.44801652445501,127.47895802368805,423019.1798978236,790.9472359220979,2820911.5900990674,53064.87441214869,5439520.994847808,95604.66595226292,34270470.5559824,3032207.83823746,28353886.44422809,3624359.2944121184,0.0,0.0,46.0,24.0,495.44536652310006,298.7664488655325,34.175711639739944,173.67735818103063,545.196079773525,6.496674335898122,25446.497187254365,0.0,1.0,0.0,0.0,0.0,0.0,3.9339335601125436,154.2931176726809,144.59600474571315,645.4054169915946,61320.0,46283.0,10.0,22.0,0
49658042.68838293,22.0,37.0,4640.710252992278,1512.5073138735752,329.3781717308309,0.5873137424028307,116.61842439409239,993.2663047834377,24.871681194430263,257.48389065130567,20222.844595967887,271.3615201185896,3383585.260165679,1486919.9224447706,8990226.547441931,15442.308802214244,59644672.26937026,3292745.3611980663,29952154.331107978,2997534.6160910963,0.0,0.0,22.0,50.0,7.058309560099738,217.86748366480168,1.3788397133105113,516.1974573252064,231.0763422522512,140.29431026637468,21389.410254598286,0.0,1.0,0.0,0.0,1.0,0.0,0.2865147727026307,443.814105590531,270.05556871092676,749.05291773658,16753.0,28468.0,13.0,21.0,0
37900232.28292477,45.0,30.0,2011.9878413717056,4746.335316508089,1369.5318116110925,33.08693698082746,51.93862902286141,1434.810165154204,10.927487660035053,451.26063817027995,224871.380942498,884.9642104468543,331329.9753860548,1704290.6741383635,9718320.148280645,19766.69822546395,2319619.945303249,4148147.450019439,37183543.64338903,4765788.751182716,0.0,0.0,34.0,29.0,278.68655916488626,461.73296859281703,28.354483137632496,382.62150757392743,232.8120618076367,165.30027707048893,77805.77730105595,0.0,0.0,1.0,1.0,0.0,0.0,4.251418425776921,616.9936874675753,772.1404659892042,390.66175525050824,52307.0,5337.0,16.0,27.0,0
45485506.31738234,7.0,13.0,1532.705511233461,4585.086176909363,998.1527974181356,34.26192094298233,626.3276394727593,788.5888138781626,2.020787854880206,95.64275319027385,446254.5960746944,663.7898039718577,6336.257648713444,992834.9648786165,7051334.847201378,29132.945355846572,12480676.424433926,123229.75356919238,55678308.51934129,2470823.9547052234,0.0,0.0,32.0,32.0,256.6322323097679,144.61669846572258,39.975601460581075,614.1451962249733,146.50034925615196,137.12276760905146,3116.414959470515,0.0,0.0,0.0,0.0,0.0,0.0,4.3038384747730225,426.2685837903429,505.01287987344693,517.863878651784,61397.0,1042.0,3.0,26.0,0
21272203.56182397,23.0,5.0,2463.376864943605,2425.3157243683895,92.79755732225647,14.890462927661927,401.9657986171866,672.1398395869401,23.782704355634575,679.7216270856711,374834.3475995415,112.7329575782965,1062173.417064874,931514.88071451,4834554.510823121,52939.135402628744,31135359.634582564,1101569.297870346,29509263.072193183,1502059.288800491,0.0,0.0,55.0,53.0,403.91624082866724,339.89353885100786,0.2993198442706646,1123.8056760867617,279.2541653282084,405.9350765937928,108508.903939079,0.0,0.0,0.0,0.0,1.0,0.0,1.711345371440114,697.226520156413,236.45867315853184,421.6529828267627,37207.0,30799.0,10.0,26.0,0
58241910.7656698,35.0,24.0,3327.806495307369,1668.6715768232564,47.927557827902675,6.144515962425392,788.7213322060425,92.33041707051824,11.79020772811052,501.06981968030107,495904.67747716437,832.6967556390831,4472662.977096186,10946.217669254966,4569474.540439435,88282.55660340781,48596634.245955795,3559877.135132305,31719923.62895935,2386687.316969007,0.0,0.0,56.0,47.0,178.2854882368357,27.973101497680997,6.441827312797597,732.3941688810644,278.3758270428359,379.96319879704515,176920.2275200192,0.0,0.0,0.0,1.0,1.0,0.0,3.2950203298516105,105.53160136952465,371.713908386441,683.808850009817,55085.0,53086.0,0.0,30.0,0
53587374.15821054,10.0,36.0,4779.891354952971,2695.7565575568156,115.42055884102243,24.033616317803236,382.6792958310494,1441.2708026006617,26.544841866414078,443.04423379571983,265753.76441746217,177.18002362806777,3231807.5253795674,1573299.4249871986,3869551.157659586,76054.6022729867,5343431.262498118,2818052.661610717,36120215.81468824,1798971.802039388,0.0,0.0,52.0,35.0,205.76033809062173,477.97440656027374,26.96577203572538,873.2666849355596,374.25962912777004,347.7760152063207,200337.23285548473,0.0,0.0,0.0,0.0,1.0,0.0,2.0130651585172474,317.13347147793456,671.7001691961756,356.4604902397757,9014.0,1849.0,9.0,22.0,0
46703231.44092864,36.0,39.0,1460.7732853349928,4248.860024317178,924.6507593656825,4.7869022345957735,782.7752436775954,190.38391883003183,33.44980707370405,148.9428322264871,330031.85982869554,424.07189928497417,860629.7993331773,661432.1334922109,3622374.3054309,70815.75538426351,23714683.9908799,2478529.785927514,44251170.72272625,1122855.0474807569,0.0,0.0,41.0,56.0,84.80105231883297,490.39797648626774,2.3996333834139305,498.66613659437985,168.5272136397526,69.50253925613265,151076.82594973032,0.0,1.0,0.0,1.0,1.0,0.0,0.7709544109481575,414.65224650305265,541.3859851505034,659.3868814928917,57591.0,58160.0,16.0,22.0,0
11679127.832410203,15.0,9.0,4627.049809387655,3276.8332091781062,1210.1634438547462,14.596774443130101,341.0292817113667,99.97547622507653,0.7264217565745623,217.53927003215395,151309.89254085027,552.6327436307706,4451429.54515627,1757527.239565079,3921153.34842747,17518.056785600365,44824800.96199255,276994.5735831943,4311948.278838573,230770.28345136018,0.0,0.0,39.0,35.0,370.6668005862575,369.7982398791898,23.591599354234354,246.2823299471668,170.54587820383773,403.916954853141,211718.55077847815,0.0,0.0,1.0,1.0,0.0,0.0,2.6433120928155516,357.2137307779043,457.3092157687512,643.4965685445683,36966.0,44295.0,17.0,33.0,0
28003793.502618324,40.0,10.0,163.30307727583133,4029.783466617504,388.2871181159872,38.337167236038894,639.0720774367786,399.2572527972102,23.828550987429097,145.04337948616129,473773.0462730296,501.265382931198,2350309.7454964127,746121.175116106,906634.8201594407,35768.26315259742,22293220.96117329,1742031.1414238196,30941730.6238798,1761710.2553320557,1.0,0.0,32.0,42.0,392.569745684886,233.141023310223,27.360004142442243,429.7231274490837,442.5560858973181,338.58798083166187,101625.55094177758,0.0,1.0,0.0,0.0,1.0,0.0,0.43179837250798325,104.69750730081141,710.427043774396,770.2711590675007,14518.0,527.0,5.0,39.0,0
2629182.1434679395,29.0,2.0,2793.7822899410503,2682.3024892860712,1280.1369106676866,39.81857890334548,86.159032403229,135.67443352083833,9.25122158747409,684.5078630799429,183231.1107294125,686.4767526995353,2380982.6916366247,1130155.821261411,783586.4917517777,47840.492608667795,11330996.392117864,4325636.059321331,28896013.760773405,3557335.3292010017,0.0,0.0,50.0,29.0,69.1949970686363,110.77672622430342,23.525853924562806,1295.133239813301,120.52437564297061,97.41884324069594,212193.02126511917,0.0,0.0,0.0,1.0,1.0,0.0,4.392360776979939,139.7520693548118,544.5028663290964,214.15814542078664,4036.0,22525.0,7.0,25.0,0
9258215.234560803,27.0,6.0,3184.5165539381824,3179.2714411673987,123.55863262376016,30.884195654183422,453.26013390745584,704.472049921173,34.955539916152055,475.69773084775017,369281.5052720456,653.034048134386,4677774.177269433,540683.5763986551,7800899.7402843945,14742.595348558585,11730554.147967843,155433.2923431249,55301177.36926999,93170.57657309386,0.0,0.0,23.0,27.0,197.33507992017255,406.4456537837344,14.607388120842689,919.5287647439793,557.3396662312914,324.0469651407582,126618.32762459482,0.0,0.0,0.0,1.0,1.0,0.0,4.621448797048043,673.34148842728,521.3291900170544,573.5032177110115,47180.0,14450.0,11.0,38.0,0
40983254.14559404,9.0,22.0,565.2511226037363,1469.25184634501,1209.4072263168473,12.43846039683065,645.6066338488649,793.4881898353841,10.14658026247314,593.400953465314,201629.78803912905,992.0499635225268,298373.9742245168,321176.6251698374,4466268.200273059,27342.97021266725,24603517.16611274,1982784.7405886957,29610901.31960003,2196453.3875164674,0.0,0.0,30.0,39.0,446.5595926859788,368.4406944763641,27.89129183946556,591.8634628679613,756.2787581728253,241.75582050184053,55759.031999573825,0.0,1.0,0.0,1.0,1.0,0.0,4.108065685057018,397.8197221771318,168.01914702439913,610.3972081650393,28238.0,62209.0,7.0,26.0,0
44685984.59231312,23.0,22.0,736.0844014370067,3685.0700850590424,1394.5813280515295,27.5066019666437,741.2673004315131,496.35212558173254,24.43080532941673,250.90563306982006,280953.28313849337,999.4224873149636,1076676.194868964,1549815.806762656,9307538.04056076,30833.320395284423,28765545.07127866,4725796.290066193,28099763.761125166,3220402.9978478923,0.0,0.0,25.0,42.0,2.3509295642177923,111.75506574091358,23.77177712055282,1193.2627333339578,352.900584898215,219.67503092811253,236036.4116651165,0.0,0.0,0.0,1.0,1.0,0.0,2.812640603779893,58.00349286712756,102.98317274967808,750.2972243876393,20316.0,36357.0,3.0,26.0,0
58050616.43632016,42.0,15.0,2118.807023808867,1043.926781903563,1167.2782626923956,28.21625461936051,661.6148106815966,114.40230455933364,22.14163360358446,309.57705692885617,359919.2892572709,516.9429432330053,2929270.8544484572,993180.9576925632,6126087.875853585,12727.619832903925,51709003.25454302,255352.79199052812,57732037.11209358,3052410.141762362,0.0,0.0,39.0,52.0,150.08077624069352,226.1564317844756,8.305486883756789,134.1078513841668,722.8621442575279,56.06158173619441,68742.71845927912,1.0,1.0,0.0,1.0,1.0,0.0,2.7879929556272747,32.86318200256693,772.8108513047713,727.3838860833142,25575.0,21241.0,6.0,21.0,0
19550195.66293098,1.0,13.0,4832.510284230181,3486.1987189397514,1059.2563446088102,15.513667806545989,48.837167216915894,202.936537643871,15.846660002369957,335.78687225269636,254516.182460502,96.10388787390312,978237.0614004384,1072975.8475045015,361408.06202235335,55023.96919082576,38535502.86166105,3748779.049472139,27035137.239589293,3883465.531007691,0.0,0.0,31.0,35.0,277.9661002412213,231.93666997057574,22.52542174340439,410.6809883666831,96.68694107817426,259.15213792258265,6550.371046948278,1.0,0.0,0.0,0.0,1.0,0.0,4.923036883004649,389.3108135555747,487.1095286782751,467.3501721325897,64946.0,18221.0,8.0,28.0,0
22228211.9023861,38.0,33.0,2996.3710640424893,4309.166578896435,1263.4511192368593,25.635545383446377,310.70782621925264,601.376391865295,27.104830543991763,612.8116779603472,453552.45482206333,728.1154556697496,3397955.51903558,1930831.9069634709,1583658.17976162,70502.81965241929,41424426.86897557,1288805.4682940003,10853884.934895098,4052788.058583328,0.0,0.0,27.0,55.0,167.7128359703167,413.37886443638183,35.2762886855571,375.95060492371533,53.50694935300277,49.96590448618182,60668.51073875673,1.0,1.0,0.0,0.0,0.0,0.0,1.2395084491559145,148.21540622106608,344.23305913421467,471.7394849739042,28036.0,36949.0,10.0,29.0,0
28173879.1207372,25.0,18.0,4667.795179137048,695.2300730156579,98.62089733871697,0.4291057990270497,57.98480840480399,128.37153820674274,29.030785388617353,622.4353303861631,209708.56386511234,976.6874141383726,1071247.3543942643,1927159.8244443072,2066139.7321999457,6993.163147686121,58979247.304982886,4333177.551936208,13015750.452224493,3558817.39877602,0.0,0.0,35.0,44.0,136.75054939965702,342.2384974827042,26.673331427618,1478.6322607656043,582.6677244607952,82.12669362713332,91671.89031435693,0.0,1.0,0.0,1.0,1.0,0.0,0.3797418295260374,569.9982378793931,479.4362403099697,150.4871581552989,5162.0,333.0,18.0,33.0,0
11369092.073698057,36.0,32.0,4029.6301414403347,3087.323513087922,334.6018816498209,8.362306344089658,105.24018706935524,1059.3569993904734,22.67751181277547,181.31455146094473,323571.1918918482,319.0080612413913,496685.6960234729,1711284.243404807,9757602.88365271,48112.310176314975,24711194.574618123,3730593.826817866,5712157.112680111,514885.6830276024,1.0,0.0,54.0,22.0,230.5587049667031,321.9406042264875,18.871660295753884,1070.90393029343,613.5968269255673,66.27315713738136,87837.42082231602,0.0,1.0,0.0,1.0,1.0,0.0,2.8097046180058887,640.352300771646,68.213329635938,780.4709078905415,18338.0,16867.0,10.0,23.0,0
7796160.398622964,33.0,38.0,2358.212743714246,511.6749112204757,222.38857178623888,21.003532118690448,546.7383903606376,342.2499906262255,30.336889487390163,754.4003082557173,171246.98040669705,461.74767695173625,1035718.8130445579,375218.58553006715,2194855.2192548322,78221.1195267795,24201860.840544447,4428640.149120956,35087.18740740804,2375637.197577799,1.0,0.0,42.0,49.0,91.58003094673718,325.2638838590759,12.863364114778047,941.9674671272891,677.5854279532861,477.0541395350038,131166.87736089292,0.0,0.0,0.0,0.0,1.0,0.0,1.6439279890505165,198.07143259654237,661.2592736452033,218.91362090867293,9526.0,10840.0,7.0,23.0,0
28542819.8686298,22.0,13.0,3932.4267082908495,3639.5495162262773,776.6152456817604,6.550052170331835,576.3413931231246,481.02449042411223,39.33668303971751,114.11116320607539,204137.51844868343,425.3521478906405,2114247.437326039,1188545.38860316,5162399.206117633,74799.01289524468,55400894.71658101,1080408.0273658987,25917307.714367915,3017426.3814805555,0.0,0.0,52.0,42.0,265.2829952387824,135.96456961185697,3.4354483775029143,47.27804932993043,64.31778915198551,142.43234522194504,220781.72050898088,1.0,0.0,0.0,1.0,1.0,0.0,1.6116938640402212,481.89801700778895,188.98351774018207,585.2942503920078,44945.0,40639.0,13.0,28.0,0
13615334.033703996,16.0,8.0,128.47044852585918,459.08636536466037,1127.974667360113,6.6362747150613455,623.5021325462685,615.4236346800224,16.770895516032205,718.9752242904317,220081.04910595284,52.36773540237243,881515.3575662263,1756294.8493110747,9362407.547085559,81507.3096218754,14753289.344716512,2656932.481338206,46154785.63531199,1228584.6280084485,0.0,0.0,56.0,35.0,353.6412647352997,186.48391865493747,9.785085310361147,309.09260305119176,625.9875028663278,177.60216179800386,73084.55677742479,1.0,0.0,0.0,0.0,0.0,0.0,0.03542677084974022,140.46682191860108,647.5458849279987,640.7201037481437,52454.0,43857.0,15.0,21.0,0
40189169.866955936,31.0,38.0,581.3542239580453,4682.261520595105,959.8172930815421,33.452171622009516,695.056107483417,648.2500642809559,20.583322075421236,98.30860360685125,62990.9284543114,672.5921667922214,674325.4325918132,748927.8728978754,9772155.37184443,44824.0633170607,43789184.962925695,3896570.4479304287,44008253.10154735,213716.5364162358,1.0,0.0,56.0,38.0,288.0721813616226,23.785480432916366,0.44747012347507553,967.8902877406942,313.7002115813338,161.04030314801804,130192.65198979221,1.0,1.0,0.0,1.0,1.0,0.0,2.981197047739665,256.79446824362185,436.8151857456163,364.14809359687723,55111.0,30607.0,8.0,22.0,0
26229677.980420973,7.0,25.0,4153.965929818372,721.5433329874987,1282.6514056524252,39.56532010734422,596.7565454116777,42.42463320520878,0.49879511764852946,226.34105269802265,45952.66716159745,353.98435737339935,4301549.149208485,202212.33187116994,2371240.74948161,82055.70826398607,45274633.719949864,1229253.01523191,1929913.119083209,1118728.0140593585,0.0,0.0,34.0,32.0,47.46155609840692,393.68362677024976,39.465036700998574,594.390216663232,256.60335349211493,449.1252225890719,85034.73842211984,1.0,0.0,0.0,1.0,1.0,0.0,1.3201685113780703,713.260485461518,235.72617065238416,184.73110162266525,41475.0,9176.0,9.0,32.0,0
49960859.08527419,29.0,12.0,3992.2127580928022,4796.046019709039,266.6109689639927,22.238777121137936,644.679841843173,203.62274165809842,31.841142252415136,680.2532581330064,333778.21258106426,787.6764107568707,1602665.6207829418,1621925.8044798437,500685.2610629009,24075.307121426948,5868182.05872914,1154500.7800308175,34199404.23273838,2275017.1142614614,1.0,0.0,55.0,44.0,422.35989846862105,217.06610936973712,8.899290085149598,1389.449360171429,154.95865864777159,281.48295566744423,205443.2648433001,0.0,0.0,0.0,0.0,1.0,0.0,0.939292740963405,444.39651135620244,43.563759628814964,167.38909969135565,50364.0,24289.0,4.0,39.0,0
42016205.85503294,5.0,25.0,1193.898080153511,4012.3855133820794,1112.5467942253358,33.56278923526854,58.19169366215781,1299.636263061682,20.809202681839754,160.00381642994822,327793.31739769183,832.287955206704,1804432.6739047498,963527.1027243433,1544482.3070522074,36081.056141751535,28094416.110209346,136883.48535442754,9257833.241683146,2070237.6649539499,0.0,0.0,56.0,42.0,88.3139409062566,219.6809401866992,32.5950377074149,1156.4973599469665,796.8922889799711,459.5799494666559,39400.37832211959,1.0,0.0,0.0,0.0,1.0,0.0,0.20215965696501859,710.9931822124761,656.3500171547524,688.0668807032415,27347.0,55239.0,17.0,31.0,0
18742686.11628108,32.0,21.0,2672.6171693713054,2984.6627421531166,321.84057666859997,39.6128665730509,202.9374173442129,41.800271267385874,16.318457214422608,342.58298642177647,331488.5661336266,821.4095558112476,277296.77709663694,1128785.3607183571,642651.5022385553,17635.55764178013,12034547.71682192,4792617.954583286,56464636.00959707,884158.239654481,1.0,0.0,58.0,37.0,382.6411883049532,123.43277620187973,6.745795272199144,693.1807462940152,69.65759966871363,149.96245291394777,25877.567077514625,1.0,0.0,0.0,0.0,0.0,0.0,1.8218078823780566,195.69328726001544,157.6389103460592,418.39005966384155,41139.0,13348.0,17.0,22.0,0
49935755.82391067,31.0,36.0,3045.838470672054,3921.8155589625526,435.30777692398834,5.663835542750988,505.0802632326917,781.9243394867976,3.762878523575832,370.89025395641846,9981.246026811568,417.24933204184026,1787490.7478867688,1964288.5926356888,1959291.1685124405,46748.45394285718,11123330.992876338,3550374.3833930623,10042732.613651112,4122253.2978747804,1.0,0.0,34.0,31.0,180.92199027714935,105.50421344825503,11.344045984222957,1134.291867205875,665.0662513942395,57.41733721597447,125748.81330940043,0.0,0.0,0.0,0.0,1.0,0.0,4.394844361932287,277.4189877339595,60.407990199101285,90.30684598984803,7010.0,10706.0,3.0,39.0,0
48286056.68545061,5.0,10.0,4343.985210729015,3983.769601356106,1076.4608580307038,17.929824530174045,689.3377376073621,754.6729295005239,35.58625686701589,211.30199895810352,163340.76665162278,322.22413655865864,1324771.0794305766,1214422.8609881443,5690011.449890316,39206.00224154432,27830222.79966211,3178166.209696914,37598726.4226312,4628507.657014886,0.0,0.0,29.0,35.0,391.59791267999503,294.3231428549456,16.73109276913467,1464.0903127862834,518.8056596826115,278.10922636208727,167971.89644137298,1.0,0.0,0.0,0.0,1.0,0.0,1.6833540379868617,387.3426679963173,609.5846300441871,579.2751887550531,35280.0,7308.0,6.0,30.0,0
23249315.263431437,38.0,39.0,3031.411500400079,4732.294231573958,1471.0989859520755,15.702908633676795,23.510097452934115,526.3174750755312,15.800289601622257,573.9912570420695,98985.14264487254,749.0719588873878,3052814.851641601,849958.7713322027,9125363.474993462,24092.71164143122,17366493.02077639,3720229.6187522593,19574975.49148124,1007540.2469445234,0.0,0.0,43.0,39.0,103.93017879926754,117.04395458663421,12.976226565664204,713.0320040641471,593.3627465242564,172.76849589500875,198881.30027269162,0.0,0.0,0.0,0.0,1.0,0.0,3.3953710505979684,394.4624586517434,293.03371345092347,215.1334211879231,36533.0,53523.0,5.0,34.0,0
17300397.907710716,21.0,37.0,2086.3549835974545,1296.7814350423685,932.8536647265216,3.201971345847401,421.41088685075283,669.7374494138164,27.303263928368814,684.041026533719,389097.8961297518,801.5880444088803,1027746.098064361,739968.7356943956,5376816.648106457,75178.07092307815,47763830.79710463,2658532.9805585016,38494037.99653517,4647935.004920541,0.0,0.0,57.0,38.0,94.14438974401946,33.04021693116674,31.934032510394445,978.0877963172587,575.1393535390013,400.95341674537417,147406.2132263291,1.0,1.0,0.0,0.0,0.0,0.0,3.7827348170095365,798.1654144032864,323.680524361487,703.5879055856858,2037.0,7856.0,18.0,23.0,0
40950047.742994554,39.0,8.0,1895.9528552996262,2966.7764409772135,119.57045988729156,30.21320691178978,548.2841715042298,1179.648460788813,5.974966254726031,702.168609087346,430329.1376579254,491.7661889449748,4441938.89986114,835238.5853080912,6263635.671423817,31384.677211164657,54456385.87853755,2381192.971630961,24736103.529248044,90286.93491672893,0.0,0.0,56.0,32.0,249.01589726252365,383.9862005744683,38.307736320616925,1381.2503379894908,689.5788983570824,439.7117044558293,193462.44032975016,1.0,0.0,0.0,0.0,1.0,0.0,1.6405040459509979,109.26734879748146,212.71271807896082,261.4659931033807,35933.0,38116.0,1.0,31.0,0
8386009.264074979,3.0,7.0,2152.375148412609,511.44401991943005,939.8110960941979,17.35116109290372,43.0936855203183,1268.1574110738363,38.4619851816413,284.6712736745175,123415.52057535105,893.1379885167668,4648403.437976856,236798.16635733753,2026653.8435793156,27280.43301458357,48163433.59669665,2248211.6733764806,45578823.49533138,4624887.40106202,0.0,0.0,42.0,43.0,17.435071334481886,188.8582477687766,35.01177934603394,403.065006572813,163.35781448776447,236.2867554535359,98177.51464023095,0.0,0.0,0.0,0.0,0.0,0.0,4.1082036750602065,684.5327277692408,690.1592133835798,176.21124747031163,47377.0,65472.0,4.0,21.0,0
11995292.240304025,9.0,21.0,3273.577886876672,3096.181872119642,101.83180530704396,18.77307736761605,333.0573348916426,420.1088733862651,7.1376704728732365,434.0633075444953,333957.79450810835,144.7647873824797,500055.4548267742,1589501.1168351436,8007830.370531763,13089.033085049507,15962586.326427294,3202555.6213061027,13841516.840546142,4759692.021614458,1.0,0.0,25.0,29.0,113.42337205238435,190.7375563657529,6.143114677910262,1334.3745539527663,20.643201131054592,485.67951204275414,8216.917566617243,1.0,1.0,0.0,1.0,1.0,0.0,3.4593982983347455,693.6719907490588,251.91703036309502,86.18958597284877,24090.0,42061.0,6.0,32.0,0
442728.82279057975,25.0,2.0,4342.753533491531,889.6048683002325,1330.852738595553,6.026918952529607,718.5952074792835,510.8360438128856,7.981679715979615,213.75699501520816,64768.465448791394,879.1897108793012,537907.3784865974,1675433.7163740823,6181711.1959707765,43882.170180194866,16448789.486922814,1008473.3419865236,54347605.38300269,61247.26321661008,0.0,0.0,36.0,40.0,362.2821138399898,216.22782247637988,31.067547053971612,182.41527188855468,486.85222145374763,276.50650317220294,29024.826975389133,0.0,1.0,0.0,1.0,1.0,0.0,2.796211143504758,451.49493259947417,183.95020440579862,418.994286577365,35715.0,27020.0,11.0,24.0,0
47215675.725750804,10.0,12.0,2291.3285350984465,2842.1550329033116,1075.9842962469063,7.237066089234725,543.8579909075698,394.0249654213658,34.35931442230855,210.94127120911344,137648.7475482965,96.9991377389094,577516.8641168289,568794.2691468177,8642726.92363532,30296.4628837302,15284446.278697928,4440405.4163793335,30013078.74915181,3815333.4645869634,0.0,0.0,48.0,24.0,418.8543556744073,407.7073668806388,5.917876532188457,986.7343290579638,296.00973867220046,135.46019669315623,9680.650307249045,1.0,0.0,0.0,1.0,1.0,0.0,0.004962320253144581,288.34899124213996,261.21478654220175,371.5753184982641,18747.0,13554.0,4.0,38.0,0
39891386.54466534,17.0,17.0,1269.2842322387362,2879.2553496078945,292.7666557768547,36.2841448862486,205.3735234212659,740.6005648045551,36.503309765677244,145.7781690245008,69413.38266708642,154.37199653255928,3098226.7122952496,607593.2368198882,9488942.638987783,36927.28413409686,8103150.725278107,4058950.1037251065,45365832.76962346,4851037.661276647,1.0,0.0,42.0,38.0,41.31189660496741,161.09761107396875,36.535244262484056,1182.943706381445,116.5541182713674,244.48775767213726,82235.91261912316,1.0,1.0,0.0,1.0,1.0,0.0,0.17545382961404066,424.99636134487105,178.45666863056962,606.0234727904515,17743.0,126.0,10.0,21.0,0
42310217.55220148,33.0,38.0,1213.8453204680025,2351.2863587868874,173.91266850332917,1.7859635589711553,685.1692811128919,1037.5572021818668,8.485896300932056,753.2148284298614,141832.03122295468,534.3061732606864,610722.8520839048,1748668.5126696264,3485528.749808357,23599.726262055265,56627958.28785457,1748468.4936487172,50983961.75388222,4529605.191870074,0.0,0.0,33.0,51.0,441.1567770096141,379.2600694176602,20.715143026743135,937.3250801085421,165.18822820130632,18.6551462014638,123872.83531717058,1.0,1.0,0.0,1.0,0.0,0.0,4.954329220530317,248.12480974911978,267.7710722280618,382.3900180105684,8486.0,10194.0,14.0,33.0,0
46843961.13228705,8.0,39.0,3740.230830007494,2632.253606545089,307.9585141652657,9.31409139774825,291.46451025942116,373.249198176594,18.792035526993118,712.6312863123524,337400.80001990404,68.4509617072276,4262059.207333401,47940.71105591091,914884.7947690391,76315.54898199004,24123465.841626003,2893467.874765809,59929717.82867734,4853580.095819869,0.0,0.0,33.0,52.0,398.96108482253635,469.8328755489921,13.455243522268269,763.4808140627129,278.76446371819384,402.00058013153375,89079.37091423485,1.0,1.0,0.0,0.0,1.0,0.0,3.911419617517797,643.3038097831528,84.69025383717496,288.17645576100944,21485.0,62450.0,16.0,22.0,0
27535487.61652486,34.0,6.0,4090.1810665825956,3829.0600144326763,1470.839682149121,11.682373212581133,685.6088434923663,522.8741834001053,29.339796182513194,626.3397963955999,455172.42240160774,53.75429429871025,3771603.3031745246,1040914.8875344554,2267030.2895886567,93000.33473547174,13482143.783277879,705995.472450123,13437515.9899719,2752067.204982499,1.0,0.0,22.0,47.0,434.9724635577757,330.7732297664749,6.281019893367712,941.3267658915016,74.78202929162852,50.717525427210475,140149.86876659805,0.0,1.0,0.0,1.0,0.0,0.0,4.6878262938647355,408.6577437940575,143.65342271317752,224.09083419369637,52637.0,9411.0,1.0,33.0,0
34124903.01597767,6.0,35.0,562.1792760764598,4004.2537938998503,709.4985379893951,19.607901696063458,253.17604787274632,1398.3615416801597,35.134629352432064,423.7759866044286,101340.95172130056,1.5182254215398148,4099224.482331882,927351.4293630021,4384037.241101613,49793.18527888876,50800416.359444104,4861758.893420056,17214257.921393726,391702.543287056,0.0,0.0,31.0,49.0,349.5158487348411,216.4088595073353,0.4723635271601845,261.42901481798907,64.39229766019167,154.3742442515025,120152.28712319692,0.0,1.0,0.0,0.0,0.0,0.0,4.511516024590137,742.1568995244114,345.3012490489953,236.95446146657744,61314.0,1309.0,2.0,29.0,0
8388680.090661319,9.0,4.0,370.13193049768364,2481.0799492541287,1184.7581845784557,23.457806920591835,480.4497956888562,110.91116317655879,15.162107801492208,402.6741740992601,271085.30957186455,436.88034303456885,2630776.5739032184,1380253.5391569196,9457479.581726488,64299.84233408326,23952318.96416477,4514560.545463787,15026734.770826563,4249096.199827376,0.0,0.0,46.0,22.0,337.4023805796884,374.1470718501857,9.91787966643539,354.7332370821188,734.5004787693065,282.6582735024717,169485.70046598508,0.0,0.0,1.0,0.0,1.0,0.0,0.10221491571375418,505.69924859771413,705.9841473601035,743.7213634256949,41655.0,53481.0,1.0,39.0,0
6872689.882084871,29.0,30.0,2988.390972232001,3013.983469952157,969.1561794773542,19.731599034026665,329.6132528433106,712.7236236497666,20.680779473977168,433.2016196223484,350725.4115115918,774.8492574109375,4983389.380384248,326783.40029890893,3789315.1255104183,86717.2276606706,2107973.549768885,4609565.634989503,15773017.058254799,3069527.450789249,0.0,0.0,29.0,33.0,263.02152343908705,229.49078750594137,36.56080253125248,434.0530421762593,263.44014449588303,21.487562823449437,166740.54089085155,0.0,0.0,0.0,0.0,0.0,0.0,3.9592364489553695,421.16907982945304,64.68678244338295,148.76130962849362,40917.0,27432.0,18.0,33.0,0
40104509.30446651,39.0,33.0,765.0192911957835,4658.9317290229055,875.7231989396105,3.364613382275281,234.36353958895228,1078.8747407312956,29.668656420789397,438.5230505901296,476465.9419959343,35.80351192963575,221831.3396178622,1336661.4815903076,7710024.404517046,99882.96373336586,9717332.273407621,1661483.0754695546,34947102.04762111,3074068.984197257,1.0,0.0,59.0,46.0,326.7408250211662,207.79920828296227,31.8904876908891,912.7578373198556,786.1399440293962,39.65844959072412,79516.03677716987,0.0,1.0,0.0,1.0,1.0,0.0,2.2557287200557727,574.6340961025687,185.8862712728239,790.7776111545771,40226.0,23395.0,13.0,27.0,0
28266301.27238181,9.0,35.0,4130.3343846634525,633.8785989655692,251.89017181097256,9.746698162228542,711.514898494058,259.6628568739121,29.245439066111814,358.95920606419844,305069.2353952982,652.6053488593896,2006923.5559663805,753468.0157497529,5409362.154785843,61351.64847298321,38355381.17102984,846504.4022068959,59611357.86622743,2086850.7956835723,0.0,0.0,23.0,52.0,459.63572261873594,263.1162986227689,38.79174831002878,685.1755676678029,772.2062664977119,348.0581788065064,86553.61384027288,0.0,1.0,0.0,1.0,1.0,0.0,3.9477910200032786,413.06771225558276,728.5096269224451,274.9971750499353,31188.0,47019.0,10.0,21.0,0
33914601.15276485,15.0,9.0,1579.2599826634091,620.8336868645481,1421.1957021948188,33.74353539050165,166.32307191280324,109.1660692080035,31.318405201043397,122.76876965581262,127627.9548205876,823.3041900987703,1620359.4080192433,1237429.5563392842,1836259.6166054558,88977.94665398687,46974533.54502927,1059649.0451680855,59416694.947478175,2859638.0406290246,0.0,0.0,43.0,43.0,51.1604787069375,159.54344506983762,4.030460844854922,396.9347300293257,131.20560021514876,35.88854653038437,146286.9554103258,0.0,0.0,0.0,0.0,1.0,0.0,0.033578920816925706,725.5149533271688,714.2114458447389,88.94438362564802,27723.0,34276.0,15.0,31.0,0
45900166.44610412,46.0,35.0,753.6047875368675,475.0366990774113,479.9602434714882,25.503548019138364,86.15304116389521,241.7798425922549,22.797352745661055,118.01780523745806,312776.53064127674,168.83284772929326,4743278.848064492,80190.01974555185,3214133.8483449817,90860.8246555642,12656852.374934288,450916.95383440424,31606867.1085071,768745.3156514865,0.0,0.0,39.0,54.0,158.5664744451995,53.0208579237206,23.68714974022678,1328.901624931087,577.6409562590289,238.54143312368825,149108.11697271044,0.0,0.0,0.0,0.0,1.0,0.0,1.4409965060028211,163.8678494917362,549.9716499708342,213.9784970145347,40692.0,59938.0,11.0,28.0,0
38083464.48171545,49.0,5.0,4608.013543537753,3303.001893801018,883.9051350790115,25.965962005370976,286.7030120656151,1381.481862554797,4.184603872191008,762.754778359633,160313.53172284027,147.71687108658284,2884727.931529467,923454.3943690187,6535386.9313779585,79145.14878076223,55043817.960379265,601433.0398768203,38341993.588670164,3699110.3628041856,0.0,0.0,53.0,30.0,37.15503182434004,208.01115075755644,10.286018961231065,585.9258868281062,488.627813519114,169.34781671037518,78674.97840928329,1.0,1.0,0.0,0.0,1.0,0.0,3.7566188789565107,779.2119733218065,207.56937219428562,65.56321605260258,51405.0,30644.0,4.0,21.0,0
33215210.460079093,29.0,21.0,861.0373447669797,2116.2971719202824,1061.6728791000364,26.8081302140542,579.7585351604226,53.51928145884018,36.158931635121604,395.9839924773534,488066.5825067847,860.9401726469156,4031148.6362581817,1044501.7879647443,6731805.412902086,46093.13910731102,51059976.20600981,357451.3663900421,51598372.651552655,376011.5194503601,1.0,0.0,55.0,26.0,472.45778080007517,62.80458368352166,21.717668230896297,691.2063100756411,558.7047170220198,114.03970397820822,82579.4714438563,0.0,0.0,0.0,1.0,1.0,0.0,3.9651039430079487,653.5086304439297,347.4522376235129,636.2232199478544,27114.0,46719.0,10.0,31.0,0
33552870.437564068,22.0,19.0,1452.2116083961603,3880.6342240635427,987.880406658151,30.516120761581163,649.7966526614997,314.95008322457363,34.62290157284113,763.5003094260474,199898.09996830206,823.3014853401446,852535.6270989358,428652.8057099732,4353249.870622371,8115.400042389931,50902996.86291079,4949125.522955162,55976074.57375186,3649174.0544519164,0.0,0.0,41.0,23.0,223.18746753369462,205.8102953041679,12.818195422538206,638.1635717615321,95.02898001129033,94.3894489318327,173511.25329653677,1.0,1.0,0.0,1.0,0.0,0.0,3.09857300607312,691.3720222545983,184.75237566161275,419.79127178206227,37085.0,57596.0,14.0,24.0,0
18237701.93365867,17.0,13.0,801.9224401526108,3369.307810010619,1413.267838155457,2.3243392688578934,799.0198286520766,85.67392883640105,31.92389743273332,147.5899646138858,342745.317608431,539.4028244979227,4893192.085358294,279247.3083582414,2294169.5705945254,1580.5555440133844,13660441.146806048,371214.3591619989,12232433.779145304,4245043.134701645,1.0,0.0,45.0,43.0,337.996890867418,278.9099268855117,11.338622009734301,305.6367147040589,167.07686133495528,381.7056468662897,161852.7057190174,0.0,1.0,0.0,0.0,0.0,0.0,1.5062809472313188,396.6681092494355,120.29903711765854,282.84956271610474,30813.0,30383.0,0.0,24.0,0
1850039.2562417965,31.0,1.0,612.8307157801606,1694.8432813080613,256.7209252832847,14.664335397304495,251.16240446870864,201.51902264081676,3.9944990864291796,452.4449105911482,11711.468415144564,819.3806794146864,2493699.0948346998,376948.6060246028,7221848.7273316365,47720.06332829246,3033108.7830148125,663577.8626761166,31712975.194818232,2362870.9191448763,0.0,0.0,47.0,46.0,420.7189121876564,465.42487942161773,22.9538120809839,1108.1754425281406,79.77815593168756,475.77109657514126,33762.70116994368,0.0,1.0,0.0,0.0,1.0,0.0,1.5518129564393146,673.0172084833259,316.3987477208354,536.3986916126188,18711.0,18630.0,12.0,20.0,0
26203606.63655251,29.0,31.0,144.8941610287426,4495.898074913217,782.1949981325354,21.581097410467148,338.1947218824001,945.4179584773126,8.175894683257168,182.0194576142006,200090.7169227642,93.66332134707027,2468866.7092769584,688282.156126696,1697041.6857110206,49431.45335346177,52045544.945415534,4136445.7233580914,49970390.44263607,2549641.9999191896,0.0,0.0,40.0,31.0,495.5091237901678,19.074943191606494,7.332726474781612,694.7490629125326,491.2246800693155,70.08987110166586,110260.46991884836,0.0,1.0,0.0,0.0,1.0,0.0,4.833819818210163,259.28378519022,469.14085195487314,511.9042902412498,19025.0,63860.0,9.0,27.0,0
12875865.784498932,15.0,14.0,314.76122945473014,3822.1594494704354,629.8902104815184,13.538259331893041,126.72059686310851,392.79280675906523,29.744014604306077,217.4839927787492,437566.29589992354,395.08703642081565,4854452.758000144,193620.2986099429,9367330.221732615,40736.23878629723,18348707.924085304,2901620.8434979725,18192821.395998865,1561759.1503374693,1.0,0.0,27.0,51.0,81.7294464383406,311.1077448444701,18.765337478884675,63.73538044336893,789.5410391622911,479.84060958706345,223176.51967764756,0.0,1.0,0.0,0.0,0.0,0.0,2.196060896171023,614.3195792800566,300.7474868625481,753.1002295975204,5162.0,14862.0,1.0,24.0,0
24512310.094834443,2.0,26.0,906.2216958418294,1381.8533069144714,732.2863450446224,33.77915493148746,468.4001051059662,871.0495936287881,0.9256037832778574,43.44257143371945,305152.6994721796,738.0597585502665,1904281.073724508,1894639.5914592089,1887156.7545744022,56816.735129136454,37135363.95403038,3872311.6056420924,26389102.739785522,4847323.460044213,0.0,0.0,37.0,49.0,399.9567902533961,229.40985813838856,26.032490601761392,1447.4600054453035,544.1479393731943,297.38125173755185,9076.419026118803,0.0,1.0,0.0,1.0,1.0,0.0,2.235627751219185,129.55112354343765,496.44314936345637,769.7832030637361,28825.0,2576.0,5.0,21.0,0
51204330.9930167,8.0,16.0,304.7743858307899,1846.3924081493878,214.05758824870713,19.302900343491757,798.1124290650754,901.6852588385442,39.16898534829119,112.78358237736482,222027.04890934858,258.1945073646394,1988227.5977504097,809988.1229916345,1082050.504696879,55216.270330442705,45598253.055160105,3154929.1268555024,59137280.46961897,3665889.248323167,0.0,0.0,29.0,34.0,443.82402617023143,11.110302973865444,5.127282927312162,1231.014872929304,574.3939973171051,320.8302026816285,213790.98662105342,0.0,1.0,0.0,1.0,1.0,0.0,2.7616637512034976,259.5004944507568,251.07869359585825,550.9333450190161,46690.0,37889.0,8.0,28.0,0
14037135.212434579,47.0,15.0,2972.0733279104174,1599.6223018131438,235.77813041423738,30.745103578375165,566.6871878941137,1280.1755863110775,15.085787214227228,735.1417579507727,467975.1559679194,752.5765855191192,2924178.761321878,1617939.205013498,4981500.546630134,83661.3041032693,7698467.217408699,4410993.176574411,59102816.756555535,1845573.7779484245,1.0,0.0,38.0,29.0,25.388813048586933,125.52453979342147,37.22377083507616,1096.3966569740328,787.9763324037592,354.9631890712909,40794.53926603591,0.0,1.0,0.0,0.0,1.0,0.0,2.0475116843219436,367.6714774205916,289.7634116534164,657.8964232504514,44930.0,64675.0,6.0,24.0,0
3499106.198602272,21.0,35.0,3416.3440529255518,821.7537771799983,445.9902968406358,34.08062067524676,484.26601552242994,46.92243365133592,28.772501347632943,270.79573335621876,427006.7896359998,504.67442578642306,641135.0001283869,1948834.2462176932,5200300.485115844,10865.71032622624,46850520.43278836,3192699.171295938,54366502.53910013,874862.1237787923,0.0,0.0,44.0,49.0,377.29118953260115,60.12414092504598,20.22898797816499,1308.8741309570523,548.849012254001,352.0594451772905,126812.15811542897,0.0,1.0,0.0,0.0,1.0,0.0,2.763357822987071,271.4093801518691,636.7254014827955,638.0915782614393,64595.0,5664.0,5.0,22.0,0
16883752.13742777,24.0,4.0,1992.40706588686,773.0055278092706,484.8687214908137,20.191659316139923,326.0478924789993,1285.9194106398554,35.502843539521734,494.34078529338143,161175.61534408684,750.5157219602848,1606107.0464328625,161470.5600054782,5086847.218634666,22517.766610554547,56310749.02620499,2611103.3394228513,47907102.241338626,1098678.3814182547,0.0,0.0,28.0,46.0,178.00793527707862,109.18027871999092,32.78111887537369,1363.9385902641034,51.34162665020686,409.9055540928441,106084.10723075287,0.0,0.0,0.0,0.0,1.0,0.0,2.1616771138377895,321.8733501868632,705.0854900972092,403.2167555059218,2617.0,55664.0,12.0,29.0,0
17616331.87224325,23.0,29.0,1617.2358408821651,4683.19221834369,664.738691974771,36.38208975485399,733.9330330227327,943.9138661833821,15.78519552600329,382.7110229516329,272319.7461804657,465.21495821947224,966848.4039032075,1303338.935869988,4372308.218495007,79300.49789596304,43702769.569818795,3564035.719112737,16148560.912867622,2320147.50826414,1.0,0.0,29.0,26.0,324.64979894374557,138.01055148699817,26.156217224842532,532.7349713212805,696.2643686681462,241.73432567384873,2532.3343353647056,0.0,1.0,0.0,0.0,1.0,0.0,4.1335745980109335,659.6817009312845,271.1865835942206,569.4774646660652,49849.0,54422.0,8.0,21.0,0
39715328.96709897,39.0,30.0,2542.4501356302612,2212.0040245058162,932.0418186734773,23.484957621479225,407.59494498167254,277.60548971323806,12.765299543986641,332.35197129131706,244963.14562062212,368.5364358815958,517314.11205614096,1742818.173482428,9948200.779367788,84783.68672236546,26473923.686085004,2237516.3662087554,19251683.593957182,4712899.433171375,0.0,0.0,52.0,30.0,257.5100498233935,201.25186135571596,28.400037648901822,931.9996704883799,304.4490664954611,266.67929375735054,228849.234272408,1.0,0.0,0.0,0.0,1.0,0.0,4.5452550989914196,220.2071958708907,465.7823250493155,81.04202599318475,52102.0,60877.0,9.0,39.0,0
33422372.10832436,4.0,15.0,4380.024513483659,1941.2663209759528,966.558511430664,34.01097195334887,124.80619238418797,1168.4885866775146,24.34964515592987,434.8711512499331,316138.0298074197,219.97002726215368,4330856.88704877,1268468.8679334566,4867943.3205791125,99482.42136208678,52600811.64696342,1730973.0507007688,32837423.189451277,3670997.5824588295,0.0,0.0,35.0,39.0,130.61138379123182,264.99065735095627,28.64523763971352,928.8594014401675,23.403624781477987,161.91350123170795,113731.30683357641,0.0,1.0,0.0,0.0,0.0,0.0,4.6605512990768085,601.3193142805663,236.9665814359691,611.2564448572394,28601.0,27627.0,15.0,29.0,0
47034108.6481757,5.0,11.0,4261.612869038142,3659.2411150397943,641.2439090149326,13.623631823660972,304.99520129532414,1289.017651014255,23.23957494992203,166.0463767999664,167122.2223526819,209.17096209358002,2947066.499471253,858052.2427148254,4784686.341590911,87291.20163870841,31647930.346723467,2338794.609798612,33647081.696346164,1077003.49714757,0.0,0.0,27.0,40.0,68.47545963998904,1.4940069692666644,35.0039958824589,430.2575164634716,415.64265849744004,52.62879689155853,238567.06919015374,1.0,1.0,0.0,1.0,1.0,0.0,2.8214810291469328,77.49541390708845,61.601020531793466,770.2297456100467,18545.0,16696.0,1.0,39.0,0
39859148.10610293,14.0,1.0,255.63630758344803,2782.8456036543835,636.8233397658978,19.952678341259407,72.39000170125817,411.22468628106964,16.365599104991887,791.1110408452697,122178.07988286753,751.7393197608246,1794005.284848028,862152.7152758766,4223442.966518467,88989.9007072331,44686510.89807743,849400.8113877048,30330663.658604663,4297946.105961071,0.0,0.0,48.0,26.0,59.356669311514935,81.77281095374165,24.544217401876963,364.05028711271814,750.8717006834856,332.3200954631095,71685.97524480446,1.0,0.0,0.0,0.0,0.0,0.0,2.2107427873224768,617.2765038617474,595.5286014611182,86.28030743807598,23402.0,33563.0,7.0,37.0,0
24383805.299542792,24.0,37.0,940.2321115987594,4683.254334718773,357.7376489775645,21.25644164018311,177.54364939724962,1381.4387741179141,24.07099023470834,658.2801375890131,456344.65044424246,119.79143768592654,2043938.2174561974,71797.77201471782,677589.2894676144,31434.794262990483,49230536.12557238,3983062.0772836544,38200580.12469845,1891624.4145253957,0.0,0.0,48.0,57.0,52.55810599653736,47.689626418791555,11.128686068855584,206.30459203577226,220.7179360120869,16.80498459312546,216568.9433539931,1.0,0.0,0.0,0.0,1.0,0.0,3.5262002939591897,637.7781294072229,153.38271692419727,672.1703119816466,44731.0,9335.0,1.0,39.0,0
48841409.05957741,33.0,37.0,1214.2545606778042,3910.2954097905854,898.927122677152,4.199188635842823,33.78164917993152,703.5078482360404,37.41525478265979,598.459413530582,461944.8622993033,86.89636776083418,2158163.499433086,1069201.5025785507,5933636.745184665,40166.163400937636,44961422.349078655,1304258.202898387,24499973.034956694,4258759.191579841,0.0,0.0,53.0,35.0,319.25723002715426,275.2870262321091,3.9803857146182864,1002.598726038021,403.38027498121517,137.81752554168415,230597.39349890762,1.0,0.0,0.0,0.0,0.0,0.0,4.191617956479533,333.325044891936,352.0557685225954,747.7244207864316,56502.0,55236.0,18.0,30.0,0
10019208.221542327,25.0,10.0,1276.9623761277708,2417.67303805772,502.8797305231673,15.942100268061626,373.55833487012745,920.9997033266494,18.70561026506386,385.6322516708829,421677.1105924133,177.11507365710804,3166112.7615414024,1987085.993573695,2287398.0445095925,26808.510482055102,17272004.708013188,768504.2001389003,44950700.26477466,1209256.2903076736,0.0,0.0,50.0,35.0,176.3540148483695,165.20836033023363,24.25002477800566,1180.1417269049387,155.5459724702648,47.11493222305013,139208.10409269517,0.0,1.0,0.0,0.0,0.0,0.0,2.8149112103318856,583.5327020706269,399.8954848357423,196.42733404560843,42121.0,43470.0,3.0,28.0,0
1363701.675958495,22.0,2.0,2873.313952644153,1906.742988464898,92.647358044951,36.69350690206704,514.9414066624017,1477.5883190817597,7.869687230025253,139.24415525854207,489104.3949392042,176.17116494246795,4633920.188053478,1917415.0519438682,6379713.712488208,60629.93981927156,7071516.210448959,1232514.8566743508,20013662.038774844,3093684.3990696515,0.0,0.0,59.0,22.0,109.10008566473034,274.6504702813243,2.6541121508232424,1150.9913500948255,65.00028389982327,95.36357866135903,50669.446966929376,0.0,0.0,0.0,1.0,0.0,0.0,3.4999051091113067,733.8079549211774,163.8878356597026,429.35272633517894,33697.0,31674.0,16.0,34.0,0
5403781.598677729,46.0,5.0,2104.661631487834,4933.692462824637,650.8640644690162,25.233289614589694,287.76812065554805,567.842674813231,15.088239315320155,738.1193694533829,372521.2637372663,823.2845151840928,4663965.318665256,80798.45768432636,517826.2848652868,93880.53542070383,14301073.423194246,4210508.688709427,19841289.139784206,4633425.769918328,0.0,0.0,42.0,55.0,346.25066126024564,111.68982778516424,9.651738067581208,501.76205069006255,82.82505843622829,319.3654564486904,171311.85802643,0.0,0.0,0.0,0.0,1.0,0.0,3.74864675360624,644.5561193725309,93.75317351744908,743.729415861131,42769.0,33806.0,3.0,21.0,0
43341838.676436424,8.0,3.0,284.30043484086616,3600.0907705780714,732.2337056316487,7.100263297478699,347.89778177411614,1227.2126448973647,15.764279303724745,286.28191255774755,382357.1475581436,399.10811685073816,1958068.4056737863,1411594.0072589763,9814057.141517486,34464.08865116177,30172993.343884215,1651676.2766930591,7634430.487547788,1290212.1517298229,0.0,0.0,31.0,29.0,343.73793331746697,13.090447689704847,2.4282873840764685,339.6793816791953,587.0685066498572,314.23831510245907,137244.51663236503,1.0,1.0,1.0,1.0,1.0,0.0,3.381968883586434,324.5482781096287,291.45015144343506,768.9762835279149,4626.0,46668.0,6.0,36.0,0
27713171.93785299,29.0,33.0,1893.126126759475,4757.925513619052,369.36558757814805,13.5542254243842,768.1832328187692,504.86271202955106,5.244347721048794,59.08321796360834,381318.7869721241,990.398068903122,1646983.03552925,603529.7333938617,4695360.739336595,55700.17818814502,30317110.060663458,3430563.297659995,11323543.889525127,3464940.0263386886,0.0,0.0,54.0,59.0,270.04497788614185,470.7420837338532,21.955503560262684,702.276700543748,693.9780871788763,210.52745649785604,236132.41646315646,0.0,1.0,0.0,1.0,0.0,0.0,3.7306677786465476,397.68654113845025,762.7830078892483,119.74825979480676,39853.0,34285.0,12.0,26.0,0
9677145.470237074,27.0,35.0,2637.8146256394807,627.6537429965251,875.7885823582889,7.664120386507993,606.5312348284341,1206.851742472577,6.514860022182196,287.07486791229036,240355.75470805902,138.07404653282177,2255781.45442609,1805978.3068122733,8968586.162191076,29629.963045348508,34959078.31452294,4282191.743648041,51031402.214402534,4936575.787165762,1.0,0.0,30.0,39.0,467.5439506160596,55.04575247330801,6.413524997714721,838.3476519511455,131.77309461694307,45.08598824474558,109818.01545262296,0.0,0.0,0.0,0.0,1.0,0.0,1.043226662779992,627.8988849329282,499.8057601909687,292.2232959332515,2761.0,55036.0,16.0,20.0,0
30063185.46142671,24.0,6.0,544.2926384024313,4258.647048786282,866.0269746306045,0.9929252719429016,441.86817681706196,917.071521539458,27.382482935747092,639.6764837867897,228280.45203768442,653.8862858679497,2840103.217912034,90229.49141855707,4760856.120597019,16979.99737727075,23706715.151035905,389645.58995828556,26777494.03248791,753840.8379277745,0.0,0.0,31.0,54.0,193.32170148926923,64.3025152328967,24.41629277733893,1381.8672068340913,244.8884828921656,216.68695822970417,67128.4119099555,1.0,0.0,0.0,1.0,1.0,0.0,2.4918727351089878,248.22378008231638,317.49997815426394,564.5528200976681,62854.0,60594.0,3.0,24.0,0
9139573.850687392,40.0,30.0,4173.954426791256,3199.8864645963895,1064.9231844211422,37.09841834016107,241.9418825872237,355.8793150290861,13.579110168356108,505.7128210908024,120189.11544688667,449.28077769404933,2309627.7393372916,1871748.2040221612,612704.8775564751,19518.552981865567,47213695.99562021,3825357.0014850367,13672839.325383475,442923.05121267133,0.0,0.0,53.0,27.0,418.0956226633772,74.1268664285601,31.634605234530703,1317.241805240119,172.1229847629653,176.3724359291467,34571.750373526775,0.0,1.0,0.0,1.0,1.0,0.0,2.9413427730254362,647.0285374409214,50.35044020388764,192.81562952102564,58274.0,62244.0,4.0,24.0,0
41779526.18428908,14.0,7.0,297.73085766691713,644.7315245421584,986.0047840137667,17.92829313027486,719.6575030429362,644.4780969322851,38.1959356742323,605.6540961009905,322445.1152602093,393.5252585203769,3294108.295673688,1674951.4875755538,8223913.325477131,5794.534453812994,54789311.86708212,1539019.666428771,45560706.66024322,3371301.767031636,1.0,0.0,55.0,26.0,38.49456455816596,490.6569854726431,32.87522883087449,1377.4451637006684,40.947506002613785,360.22957642797485,174658.39217166987,0.0,1.0,0.0,0.0,1.0,0.0,0.012389654285115403,275.8954911975341,488.21315948504383,273.321090334895,33314.0,40637.0,17.0,20.0,0
26769930.37816627,47.0,15.0,4627.215670329588,2957.7596798473346,992.5522625207061,12.301402896831446,203.3757511669144,503.7480261708001,9.743869814344297,639.0355994126544,144731.13603755704,875.2091148550282,2772440.7178754387,235008.76450520303,6485355.459374672,94929.35230092573,14804256.483714797,1083895.1985560295,33239313.56788575,1699340.002797403,0.0,0.0,33.0,52.0,370.1757159252137,309.21245984482806,12.381740325505097,1281.3830822985303,451.6764685118472,289.51330409952584,243527.40474514556,1.0,1.0,0.0,0.0,1.0,0.0,4.27981254406841,648.6726542607197,91.96095992959062,38.167026803660754,24515.0,48663.0,6.0,33.0,0
22861892.544562854,17.0,24.0,531.6011822361825,3443.037970923026,501.67266166310293,23.939087662309465,273.7673298030081,154.03825389733126,3.9569802041928925,185.32459664282322,128978.42401020697,975.6200501825713,1604257.0179236864,119648.67463459838,7819752.905263712,40287.96085076296,44191656.53889558,3444818.360812408,1270339.5293861858,357151.142355589,0.0,0.0,49.0,52.0,494.2352595021331,305.53468590022146,21.95818130777984,1448.2885584770145,565.9392927073651,245.7828836684995,7085.942642849619,0.0,0.0,0.0,1.0,0.0,0.0,3.0501225422245604,87.7043458135642,443.18437541707056,139.74691112633514,47992.0,20385.0,4.0,21.0,0
18091423.836783443,27.0,29.0,4224.131759924853,101.02132200747008,1189.6510440994925,0.29257825172062546,729.0705552498998,83.55876434555833,30.140182520010317,740.5509865526806,293022.0909106178,872.9860998154046,1729308.2980074005,1669415.3286538718,4287416.936453644,83412.08920021082,40678633.18085013,4549073.317043436,18982371.078745574,2377052.783800137,1.0,0.0,56.0,41.0,423.4525099276206,493.3624025577463,22.52043040345436,719.6299958668238,525.344435090355,243.4910411524976,185111.3386945317,0.0,0.0,0.0,1.0,0.0,0.0,0.6456816584910163,54.62989159026031,606.5213964519595,458.6170056458402,41783.0,2497.0,14.0,36.0,0
37817325.30454019,26.0,35.0,4517.1595938809805,2293.417090735063,841.750800055532,11.120884264032554,433.0428031223564,545.8588368944842,35.241442076714804,361.63189027789065,205050.1958736991,193.10837835609792,1893585.3450110948,311515.34194915876,6382988.075023983,68132.94726896912,31385906.866259616,1475801.0243532646,10620907.665869342,3769099.627540135,0.0,0.0,51.0,21.0,290.2526949357196,45.130945868052734,18.915487286166663,109.31130625231778,322.6817668957531,483.14844363020944,231732.59063991666,1.0,0.0,1.0,0.0,1.0,0.0,4.081785362879136,798.1868489484614,350.39657166993334,529.4102517172626,46231.0,26218.0,1.0,29.0,0
21709394.820592873,42.0,2.0,4898.6705757095,4133.981575533753,669.8705649626396,28.1213386279557,599.0080005460218,67.78985581353041,11.124534274859514,518.4306464260484,109506.41873643664,221.5771232877251,474104.20147869404,1069796.305951741,8563727.747928109,19192.116141108538,11312625.50221574,2844600.193116211,39352715.786109455,1426326.8796755287,0.0,0.0,20.0,57.0,313.75626609925314,487.2759453786023,26.204555656990593,162.00056693677823,452.9079918331262,378.14711085172524,18695.383556837336,0.0,1.0,0.0,0.0,0.0,0.0,3.5852848322027233,698.1765561230575,253.54096595688904,526.1512282547528,33788.0,57127.0,17.0,34.0,0
5259907.509046744,22.0,8.0,4018.0483661570242,1504.9807657066858,953.9782221739433,25.350790922770518,480.7809394477376,281.61212606939154,8.08352406581912,21.800842617658763,408046.4027747403,656.4178052159682,831147.0994374517,1831489.7157574191,6314343.774290156,17546.22465790878,47714140.28270399,1449880.735133608,16502587.406774541,1675899.3406481685,0.0,0.0,46.0,35.0,177.29148516903646,102.8025601304664,8.403484952941342,609.803166987621,93.39745917625525,248.4897802300639,27542.51127653329,0.0,0.0,0.0,0.0,1.0,0.0,3.791497717318185,708.6210527036391,56.959702377726906,627.121167207009,15483.0,8748.0,17.0,26.0,0
7081236.121328798,14.0,11.0,3906.2086022257913,2314.3984857208134,566.5597082973712,39.272237901701416,529.6825830274063,1098.7676484422684,7.430645394843487,794.8274287607188,430298.90265525854,289.7944980565535,3615845.8969247853,1134896.2270986466,3483259.612010674,81198.82015105449,57637616.51144433,2771873.643046413,3897741.8058174076,4228651.303834214,0.0,0.0,26.0,57.0,340.0631239107939,311.9126802774557,39.16972958347177,416.223153258576,140.35690060369387,239.6113064444888,172989.27461242717,0.0,0.0,0.0,1.0,1.0,0.0,1.9602123093092811,761.9983591331617,39.3267426260455,343.91950271625734,4800.0,35763.0,17.0,22.0,0
57713897.975306325,2.0,13.0,3226.7170489379164,2233.87807025675,788.599297125867,24.814308386321763,253.51896738156395,1073.8132040980383,20.880492054660493,239.099181052041,83932.9898869227,734.9904056497993,1946094.460898878,794466.6029456483,6628670.647718336,26471.171061953737,43310458.09768457,3109688.2912410484,3297044.4168709577,2600839.489395179,0.0,0.0,53.0,54.0,385.4272962074822,210.62169908609303,3.9231930836372975,288.11326338715827,746.799803251327,13.239550652481725,161990.84397394708,1.0,1.0,0.0,0.0,1.0,0.0,4.271012533474961,361.8867213433005,355.42072432350653,233.3227586681013,18566.0,12603.0,5.0,23.0,0
218016056.19861525,10332.0,3.0,3570734.121895017,373.3004820275608,112.80348169331006,95.38087954286516,88.88027789020556,20.872688343696055,11.539704125677908,39.77566203363712,29808329.459156737,172985.72708473325,613.3592364083679,100.60224906293641,2534.134831087749,6.730407066899646,972.1263778493949,605.244360817585,136.57058535625822,118.85798957022998,0.0,0.0,29.0,11.0,450885.5892556191,25.61162677146215,46.87816390929842,152.3569469957566,68.02485759583362,36.61977166274926,2461.3119516882957,0.0,1.0,0.0,0.0,1.0,0.0,0.5282406269206588,128.45884678432708,108.59927789477659,53.86384417822349,760.0,131.0,0.0,27.0,1
363503595.6827103,3622.0,2.0,4986567.159020437,9.711394029370213,138.8918141190542,99.19540455532547,77.65465068723665,4.606490010219111,7.195458588101111,46.01169121816879,2768624.633709461,171060.07029215095,725.9615728988198,192.10400160224646,563.5803316393001,89.72836675331015,632.8363340203703,760.2752846863484,691.8534644680175,569.1734267387764,1.0,0.0,35.0,14.0,299733.07275638415,57.19023269668166,40.11278969645034,183.06620626616916,75.34359981736151,9.41126859481664,1281.5475411686207,0.0,0.0,1.0,0.0,1.0,0.0,0.5525458869503187,78.95810324626687,143.96820692057082,16.683508143069055,752.0,56.0,0.0,22.0,1
323889138.3110769,40330.0,1.0,1754737.7220325808,136.56660630333678,113.66329393488374,79.10192553466675,81.09501071196304,46.2630319482731,35.13531508747582,9.998168581708464,61633123.480899855,459717.8595695459,335.44592594926104,73.26948628016599,3130.2443862270484,91.04123398316256,7586.008971462595,564.3533069491241,3989.122619133145,156.42882803336522,1.0,0.0,30.0,19.0,264758.64055112615,6.2301770283712194,59.644097492746155,126.7978119081349,96.6900783712326,22.189528673966652,1434.6586304120615,0.0,1.0,1.0,0.0,0.0,0.0,0.6422976865257292,93.17389306767282,112.89570630135992,1.5586535967936488,183.0,133.0,4.0,22.0,1
222334896.16502684,42385.0,1.0,66016.23726217728,234.16887139590688,60.90324096411237,81.99534164786348,54.72779763126998,81.47753485181917,28.406677619947853,2.6314970050749587,82634148.90992916,170954.28121003447,12.2568018650272,276.3755220362349,4374.495352782473,54.805960984263265,5363.10621924958,508.7608822191797,2324.355619289455,60.95833389785599,0.0,0.0,34.0,7.0,445191.1162409406,27.05195967102011,52.13011664746098,134.3850075937121,99.62912117698258,26.626506459246663,2243.3044228432523,0.0,0.0,1.0,1.0,0.0,0.0,0.4274249472728937,64.51018059202632,145.02506625024745,46.539300221035305,464.0,175.0,4.0,36.0,1
462966074.63746935,5380.0,1.0,632497.1025305155,297.7721893583979,103.5958533905037,59.30975018179534,72.6632611599495,72.96819935943137,22.886532125898338,26.375242518080324,45328710.64841012,20699.225067474286,632.22953708832,364.6752224760698,1812.5944090186786,55.65555157209455,4145.480240903189,726.9007026541818,4406.943521774168,498.6678334288609,1.0,0.0,33.0,2.0,227776.40235393422,4.476948998841534,48.04657247847851,123.34263589051349,41.50465087010456,36.77826859796161,2464.0892812846373,0.0,1.0,0.0,0.0,0.0,0.0,0.5094746851292544,115.47001782858247,60.635023070252686,42.14265959831831,766.0,146.0,1.0,34.0,1
138193364.783687,4747.0,4.0,2769803.354009834,459.6110496845251,105.86491122075778,91.42951572692495,49.509215459568686,40.86007676272503,35.17738583814673,46.44144515954623,16888260.978841,53036.68619472031,998.6954925203827,177.32778802818234,842.4635965270222,5.755603594395453,9038.62195976022,705.2645499070363,3177.1463639554177,655.3734500466279,1.0,0.0,36.0,17.0,405973.7773183926,64.14179045134361,50.87537643784357,70.16279968531313,145.5340093798622,48.22268553965537,1946.5195065651994,0.0,1.0,1.0,1.0,0.0,0.0,0.18095261608129332,125.91367483076645,108.06909218702285,32.72949874045162,37.0,133.0,3.0,32.0,1
384800410.7328206,30759.0,5.0,1724567.646787537,187.80298606435113,70.0345475919614,53.0679001132189,87.06836894971718,59.47026719176003,4.86761149496358,39.04679013444856,29164166.257096272,929954.6594090128,294.5493537899925,81.70828877013147,2000.1249789220649,59.795051311975676,8393.035720677537,830.346840613561,3117.64377185204,854.147306406393,0.0,0.0,26.0,12.0,27869.333861959058,56.81895585686249,40.81054068192525,170.1898177698302,103.316687208672,42.41377740021458,162.96114489657677,1.0,1.0,0.0,0.0,1.0,1.0,0.46301534973632963,77.33677738486757,131.17667810639134,48.920563783752755,743.0,226.0,2.0,36.0,1
391149485.20904076,1532.0,0.0,4700213.055556438,437.51165938697704,161.00913831535254,46.382838958658056,58.40929962421538,43.624652094621766,27.29957144008273,42.11290322487548,51243898.486430526,73888.37981897562,183.93445246901973,113.25279096558776,3929.8341072531352,42.91517898791625,576.234715470566,62.55178627729441,1461.1755306600744,782.8355539543036,0.0,0.0,21.0,8.0,1643.6822837047448,33.74800230744732,43.47301910583338,77.69764410985745,104.80740688500467,31.07592101149751,806.5993358596598,0.0,1.0,1.0,0.0,1.0,0.0,0.37303038909429054,143.9587323908542,95.99269150803319,50.40506235888795,231.0,57.0,4.0,21.0,1
466130611.07598466,37334.0,8.0,3139093.220086378,81.71464406841828,91.42410882279628,98.39535940585905,78.10474205718495,57.90161097901778,8.668492496529279,24.170360399602103,83749781.28827782,74107.5098903786,281.7669578263532,409.0564592627863,2957.438370397978,70.90436302344372,6160.872419411724,754.9521320819789,668.4026177586677,857.2405127565482,0.0,0.0,29.0,14.0,264617.952312574,14.73346004355438,52.46719849926805,115.23980144036344,63.26182471292012,29.182033741740465,2241.40584980077,0.0,1.0,1.0,0.0,0.0,0.0,0.6661311046544097,43.36716705162597,79.83910434122745,35.27419848109043,715.0,159.0,1.0,33.0,1
307432236.9405414,45791.0,6.0,2604174.1538975122,185.64024375431347,134.23796649097858,91.84832060923193,127.2935524330767,51.75052443935492,4.82309764063948,14.096732715184192,17589438.03380785,451737.2570879989,425.4154747770472,133.8243675299262,505.7160666380156,4.712491659557239,7722.674032074582,513.76045095169,4805.861954483413,760.0687708208906,0.0,0.0,32.0,0.0,37732.33501437373,95.79198327687351,50.2852345936724,114.15519838508209,124.14858966813726,30.159334653633536,1920.8812646262013,0.0,0.0,1.0,1.0,0.0,0.0,0.43482172349648607,54.623741360144436,148.3234383035065,57.955667511236214,511.0,81.0,4.0,35.0,1
228648935.28769836,37578.0,0.0,3991207.3088537334,26.1410054106615,122.51682895340281,58.218708072288,67.05204156480497,68.0966600125159,18.624340400277326,31.906730597076567,61408912.63309666,245855.18205269752,250.91292895256467,387.35129650561356,2685.935771635167,71.08876827294898,5504.90579774952,74.69312003315187,523.9884457169758,703.2393969061393,0.0,0.0,36.0,9.0,488294.96371307876,58.43924473886134,55.74149645855266,99.20571089214332,121.0990972101027,27.25893213298869,1855.5826775610678,1.0,1.0,0.0,0.0,1.0,0.0,0.7793416509802202,104.766573471654,55.508607443632656,43.18271685703964,26.0,249.0,1.0,24.0,1
431096267.9440082,11611.0,8.0,1296656.4058902303,371.2446455278111,180.3883326746222,80.51024298286295,107.30840834762759,50.7708843533124,15.495717190574148,12.261941624951813,75460177.08807927,962731.1583203252,346.9600253675299,165.59970340310554,2340.426907277966,28.689382383231386,9830.054990761882,679.0100281695197,2645.053000367838,10.137569140699632,0.0,0.0,25.0,5.0,3745.0858458595876,67.91133665720679,53.17485380890674,116.35099762521858,50.467377074524045,2.968144012946178,1669.8080761703527,1.0,1.0,0.0,0.0,0.0,0.0,0.42599209857369214,117.15475482532176,85.20224802815223,40.61252256975772,780.0,64.0,3.0,30.0,1
408324112.73295707,9584.0,0.0,4099594.0087103867,75.32637871645647,59.522389098054106,68.02110144479197,139.12995611734743,94.06109981675586,37.646944373007415,43.573721819103945,93636728.27331491,911074.8536583064,638.2067385793626,94.36627717148127,1635.5612801058073,65.17053304531079,6860.4750464754825,716.5401940019428,1362.8429541739013,626.1023118092105,1.0,0.0,34.0,5.0,359356.6686128245,53.134875326945185,52.02871351958774,146.52127545354,105.44938094859123,34.914819729410254,1038.1596240809588,0.0,1.0,1.0,0.0,1.0,0.0,0.23577117297395866,67.57512884599649,136.07111278167264,21.685307553518722,266.0,223.0,1.0,35.0,1
300126245.7677882,34061.0,5.0,20290.21879614426,128.5100078242289,58.28208132055362,59.38769236872825,102.36221057325015,42.80281815816862,12.959181870072655,11.817987357568622,12112017.32204651,405338.50542259583,345.0279868426147,363.6542798137155,550.8029802666165,62.712597531212296,1041.430126970253,523.6271695446844,1320.7033179072737,120.48180413911768,0.0,0.0,36.0,19.0,122448.96319732412,80.6533247646205,56.305314086106264,103.59422370907964,112.40131198628679,35.81684000648015,1008.1033008617543,0.0,1.0,0.0,1.0,1.0,0.0,0.2736887189585846,100.94782065804833,139.0528821156513,0.13551471600045994,975.0,161.0,3.0,32.0,1
407142950.2535244,3175.0,4.0,3100288.4238679097,387.61662609660743,88.05114705968252,57.20645264561769,61.317187404965395,1.5916303039710922,32.5960903620801,17.475796002860488,92675967.59937346,449282.7878968429,396.0589447836547,234.27251473760336,4905.559678101375,22.684148463223252,1982.9801199995345,793.7989776497628,2972.9310965140653,58.66713233254106,0.0,0.0,36.0,11.0,483808.45063075604,89.63800495481213,41.365262111038014,84.15167127775871,131.91249920312652,25.624018113351372,2022.3312189770027,0.0,0.0,1.0,0.0,1.0,0.0,0.04528522509163657,75.0224871747094,147.84203117157517,14.45656043365068,860.0,54.0,1.0,24.0,1
207150240.8309043,26931.0,5.0,4674111.969473666,267.358358711355,108.99439490013361,48.161646713254385,77.92428133625498,23.637353540898452,29.95308001873379,30.392686699380324,60346019.74986071,375738.53942249465,40.03126279926394,15.638625637403203,880.216599466278,44.045234521626675,8262.45621199462,300.2481086293015,3989.670585894344,156.4121521056554,0.0,0.0,36.0,2.0,191389.28366332018,38.27105435976298,53.81773592862571,181.7114514710173,62.670029680948176,43.51938027012715,734.4507294126773,0.0,1.0,1.0,0.0,1.0,0.0,0.5399188106009101,100.94981701837492,137.33323514908196,45.83523040887779,197.0,194.0,4.0,33.0,1
335802532.16138715,22495.0,9.0,3940360.4604091807,6.986359709231282,87.76675980034233,72.95908493655035,104.94061279024727,50.060685810665596,26.71695480234145,29.202596048609696,76786807.94951245,38828.25052648509,917.9425016228697,479.9712096721993,963.7144539537273,83.56332590533245,9967.566731443001,201.90721853143611,3885.8974141563936,823.2921614417502,0.0,0.0,39.0,7.0,14614.42970566871,69.00253122306106,54.31181426578031,195.91657097999897,136.53982764870466,33.62184013783393,1712.0796817524335,0.0,1.0,1.0,1.0,1.0,0.0,0.8308808839003218,112.52604455406778,45.60527279261538,42.592275266230445,615.0,61.0,3.0,35.0,1
446073381.9151502,37255.0,9.0,4268902.78977606,1.1176023736985674,162.109933183239,66.79580140705048,95.72722537358388,54.0571851888662,36.816018918402385,36.05096258442176,5850583.602071268,293553.99241545395,406.88595991485363,73.8767225360537,727.9134605111792,60.55916435947739,983.3926687238969,350.7339517432785,4344.008445967767,743.8493931000214,1.0,0.0,33.0,4.0,14440.946938982583,22.988748454639698,45.50327099360022,124.20173534268488,90.76291788783553,18.13323289285085,1815.5213085598914,0.0,1.0,0.0,0.0,1.0,0.0,0.7691117068175701,147.0088858925963,142.2743149590237,19.86132868980565,370.0,67.0,1.0,20.0,1
227193801.846605,10204.0,2.0,1987788.702381645,255.33031586994852,79.24253489748794,70.73118521799665,56.348181990459416,55.23847893120535,16.316983775253682,26.24667602999502,50861741.48623922,123550.79614237213,328.1435160347943,176.7034882265457,2850.9651934946905,6.873830197841146,1003.293178450484,410.0505132959775,1464.5136895618355,948.7724052052123,0.0,0.0,27.0,18.0,277133.3124906196,65.18550471620385,43.91299272974789,105.78275972824201,50.61759812362093,0.9847176799317126,2111.389973403822,0.0,1.0,0.0,0.0,0.0,1.0,0.4377894663384714,90.1266546023302,87.09839105474637,37.53497847230633,616.0,88.0,4.0,31.0,1
293419992.9722973,38140.0,5.0,4122073.535770131,152.47775687459742,53.563958843559156,52.921430048764265,89.14759791596259,71.45520982700822,15.586847439314626,55.16839851060548,62451652.57103898,103267.95968510762,86.48419624538451,192.39731749785366,2218.347872413502,44.29088313208297,7633.870541432834,695.9336024021688,2328.756908575369,978.9762586504105,0.0,0.0,28.0,5.0,493369.2775366093,39.915562997655265,44.27704950911998,66.6474908889521,51.61833436619635,2.958082324884004,799.7139767675393,0.0,1.0,1.0,1.0,0.0,0.0,0.1961203551445122,111.30376442985187,111.67811062022402,11.717248768388231,570.0,174.0,3.0,30.0,1
480417941.6691558,34993.0,9.0,2756404.1668261816,90.15572299758855,106.2079695814636,96.31664024639485,99.73733644012732,27.46481426175279,6.437896943260375,50.396045651831294,31029967.067347597,561300.7113634514,634.1832153951837,244.71494962920664,1247.78591013278,31.177145877791702,643.5428171653956,845.5199378782277,46.67286610012478,893.2839863739821,0.0,0.0,34.0,7.0,489906.993987814,0.6781599401304961,43.96281726863988,65.15921568540745,61.75848990404865,17.589913082089314,1854.7231670955052,0.0,1.0,1.0,0.0,0.0,0.0,0.8634844432974528,103.5843172711925,83.3703456083831,15.817663156142643,303.0,100.0,2.0,27.0,1
419284736.7886947,12011.0,7.0,3094608.4813334784,306.79696885805544,163.74068610215744,78.31547177983249,69.40659859033298,66.49036790414772,11.030483019802766,52.74680707419831,43449195.70607464,99666.09285584869,863.824950263755,392.7220111670853,2147.1169151076406,64.16456789116327,685.6011606484747,720.9181900786765,3734.2881156818275,132.92605097699916,0.0,0.0,24.0,6.0,169299.21317234362,95.55278684226207,50.47564381807189,115.00347939035629,71.10257765838394,23.105266259934144,266.2247439467172,1.0,1.0,0.0,0.0,0.0,0.0,0.0567810340450684,74.93103832763302,129.50348842749037,56.8444856341498,667.0,145.0,0.0,20.0,1
454815608.1322211,17898.0,8.0,299282.1199823385,114.21823585871354,176.0899109738786,93.97603944300022,107.36900668738372,70.40322731192128,35.19105824243483,37.77099428420625,55652664.46032,103828.39247146834,41.15320005240031,3.045139837563382,3367.6092553085896,61.45639412952608,8888.164830096626,173.9875590696015,1511.7155607114153,878.3827409249803,0.0,0.0,32.0,3.0,241869.12094525958,86.84415455387189,42.71252622731657,190.2338825621352,94.60463849057797,8.343555975421252,345.15432237976177,0.0,1.0,0.0,0.0,0.0,0.0,0.399222725202494,67.83705448674924,103.35112039550427,24.79083437613567,266.0,141.0,4.0,21.0,1
254098824.35617855,3394.0,4.0,1011750.7273860887,296.10357484247396,157.33517573813612,46.55626996196533,47.71761094337308,41.12807526208263,18.97528531645472,38.10047495164839,55478520.0074115,481033.2011045292,145.2724673660355,466.23602566803737,1408.5026574931508,1.0398101510140534,8004.4981231845095,366.2170848002574,2807.467666350932,838.6371347886453,0.0,0.0,31.0,15.0,51127.44709311023,29.08365503460284,53.185717228387006,162.299196076219,122.36263175190159,9.466415321131604,1043.340100433504,0.0,0.0,0.0,0.0,0.0,0.0,0.8566151423839511,148.6657793919196,133.0099106809405,14.699255657931271,929.0,50.0,3.0,35.0,1
498602103.85382354,22522.0,2.0,2757067.255490195,189.63297529313644,129.26186855995905,77.37105795137049,77.02677369220685,40.216909914632204,13.654132887628418,36.55192102295692,4665221.777980388,442840.0827575161,146.38982888620734,322.9947301015056,4576.228880151902,60.7695509418463,8815.631998643823,158.41371344777798,846.5014100972535,871.0858598596973,0.0,0.0,33.0,11.0,261566.2511398741,99.77573142328605,42.10156517897539,108.8977186419085,60.53984922213755,11.510567938966815,138.0644408881182,0.0,0.0,1.0,1.0,0.0,0.0,0.3931766874041964,62.753759787166686,61.31486186728439,29.22649481033949,969.0,59.0,3.0,36.0,1
161026241.8735252,13103.0,5.0,298711.28382837074,93.37310883489486,155.87067227986827,90.96770911864967,128.47045160553319,17.892478565644975,8.644482203286845,26.093049265287373,44228435.77459979,138497.150347237,602.2748553477929,475.3244395744678,1531.7311858885291,73.48496539849367,6505.134021327536,686.7241995580513,4096.997535671642,151.68561711649141,0.0,0.0,28.0,8.0,300251.0979250883,31.712767455653413,40.537792806205125,195.52649952548853,149.19169739494902,39.02566697881363,2369.245803663346,1.0,0.0,0.0,0.0,0.0,0.0,0.11787547075695992,126.93027937816605,60.348140423039254,23.22095278724197,169.0,78.0,4.0,28.0,1
307508233.2865236,5762.0,8.0,3708526.7989056273,69.05236893437433,149.02232564861782,59.855246788868,68.52132809989709,41.39873762553737,19.3984100097446,19.326360064035757,21774906.40182697,5444.575784054137,921.2305027183688,408.6947687082429,990.8951541142663,76.87300324015754,3225.3642193885844,248.17187821689413,4086.361096391389,116.79182777331754,0.0,0.0,34.0,7.0,126279.7711400492,45.88441864590747,46.385804848917424,120.0261064558023,57.76741249473439,38.56439204758857,2254.739526273401,0.0,1.0,0.0,0.0,0.0,0.0,0.2659495003457961,56.12461301228371,88.44144817432657,43.77174224094634,745.0,56.0,3.0,38.0,1
291709352.91849977,28039.0,9.0,4201084.757566898,118.43030156364404,77.49866119920974,51.70859014815918,106.5694535003386,78.68162917070124,28.666614818581152,35.52017324693222,91711160.2694923,193781.467326076,437.7683670655096,463.9191090416084,4772.839234364073,5.897577038996116,9063.13190332791,525.3869328518468,4387.264573764777,923.8088795840816,0.0,0.0,21.0,13.0,306445.1035216717,85.12590261744171,43.83719447466082,98.7509841564504,105.93157644943622,19.14694927068894,122.33423881460787,0.0,1.0,1.0,0.0,1.0,0.0,0.6000294417429484,128.4786396297376,40.522669945872856,57.72696638945286,951.0,235.0,1.0,38.0,1
419372876.3200538,28420.0,6.0,4602209.994667551,14.91605400649254,128.121422752511,55.90127834833718,85.1032685081343,90.89730055498839,11.467681018283017,1.5319102283070185,97669709.01727174,236656.3619278587,343.80644819385066,300.500275467839,4052.803050590897,30.365841710986896,2987.2352497443176,791.8298431946843,229.68498553361417,173.82664913450452,0.0,0.0,34.0,1.0,449946.6830964307,30.459635132804085,59.773241108201645,119.68945426141,142.18344794584738,8.618219079219791,2095.779304730697,0.0,0.0,0.0,0.0,1.0,0.0,0.15203590769457087,60.430128728850285,116.2138250385884,35.50424546746151,129.0,97.0,1.0,33.0,1
463447109.0060048,4388.0,7.0,513333.4536031306,154.0634810181342,163.29749322214911,56.376023604987935,74.81061566567715,59.36131913179654,30.308660832506167,0.44738588542818203,30314866.187030874,800448.1951652587,765.8406855966913,178.65449143858743,1715.6881242173276,42.12735605515239,2755.1083945484934,670.939274921615,4962.293548875068,368.6217310426012,0.0,0.0,36.0,18.0,1476.711378316785,45.05402843875,46.05992601234435,89.61605177773659,131.57581651645097,5.545419253173462,1272.1854352250634,0.0,1.0,0.0,0.0,1.0,0.0,0.6549353268423558,146.38723084177838,72.5659100588812,35.4688312162149,757.0,103.0,0.0,31.0,1
392455750.7632239,9357.0,5.0,4698902.638873886,450.9773450908971,90.73930590002212,66.83193789541211,140.77448567010293,29.93703433542988,25.191510988996736,51.09850957780491,17930947.026480347,915522.9121766877,742.5690617556514,221.45703155680187,4207.15925571938,17.977170779491182,8864.004191927712,298.3739906651327,1238.8970721984726,455.98484949406026,0.0,0.0,37.0,11.0,115237.9533796643,66.55871671232555,44.441281720510275,183.9894278281114,111.2678121829476,4.356465602358661,1754.907220933875,1.0,1.0,1.0,0.0,1.0,0.0,0.43816193119924574,115.4586422231969,101.30292808358948,21.890031523408982,960.0,172.0,0.0,39.0,1
350726494.45212114,4221.0,3.0,342761.93810832844,415.68106294151414,144.63570347470903,59.55781616675989,77.75878898884218,68.22897186597314,31.502502501588168,2.785442686657331,22340663.019360136,406538.45309048175,246.75613927720963,329.01615519205643,2594.071245769,42.07338711650098,6808.225924932079,332.8667506163409,1547.1684302367473,124.44252782956444,0.0,0.0,38.0,4.0,105749.86209864513,13.046755477242822,43.93539646998429,110.56426345847663,118.70422964699884,19.563962544968604,2217.3279232454684,0.0,0.0,1.0,1.0,1.0,0.0,0.3343895008205219,49.91300680434118,47.700391650693156,33.877855918517724,230.0,201.0,3.0,32.0,1
270971676.3394015,33981.0,4.0,2372910.7985594375,186.00187835982945,117.03686840300776,56.27644436247948,66.03434916357202,74.01462086960039,10.036385154996491,31.487709020005084,48036349.407618895,405621.6997744768,160.82636230788606,213.46592988316814,1733.762491305314,7.112953582559234,8956.720847092427,653.3642866030318,1246.6786459522305,20.63428803254741,0.0,0.0,26.0,10.0,62819.215313879686,42.23503686917177,47.477058096069804,152.11565502920502,54.76261893759007,2.27712166605597,1442.4362176942466,0.0,1.0,0.0,0.0,1.0,1.0,0.24092548052316387,116.2494831404912,58.77087953209633,19.15973198322829,596.0,176.0,4.0,38.0,1
304130366.83029366,16967.0,4.0,4202053.8480359195,287.91680929090194,120.5054161512032,78.91073790430828,140.02314472042974,33.22127787806623,25.241125789321813,36.8992657769787,87513307.11176124,712768.8024761069,357.8100324153564,365.8363917338946,4198.057947696072,11.321728300705159,1559.012892539724,549.4677493399441,1337.663491832662,994.0904697671161,0.0,0.0,20.0,17.0,83884.50515581384,30.940993736162646,52.116977906631554,114.4666078358029,41.06293591362731,16.68175185631675,290.81775071157364,0.0,1.0,1.0,1.0,0.0,0.0,0.8233299858567095,106.3982839059707,108.51450870241261,0.06552445874051571,816.0,141.0,0.0,39.0,1
303720125.28992873,3651.0,8.0,356204.1371294546,283.68027950702924,54.40880604514555,43.18194230031307,122.05387915293963,82.65478614895467,6.1494111795536766,11.890273777346136,50253603.38629514,627295.0936889843,775.6033922266312,45.92400804001478,3760.825334322202,66.86947628434194,9522.967977656313,96.39348747004439,2763.306780518233,876.6572448349611,0.0,0.0,33.0,3.0,313330.36013732845,67.6774305864818,55.638905500925645,186.24239851495474,87.756366279641,48.07666212705687,6.446526216465632,0.0,1.0,0.0,0.0,1.0,0.0,0.39667394746340157,77.13008713633543,73.62288898221473,51.9657703727091,341.0,249.0,2.0,23.0,1
108147389.47375107,9657.0,5.0,96064.20957997325,414.36876959685617,146.59474644886075,60.421826688383796,114.99796850680171,7.369583213834008,14.55187928658547,53.7438502959089,6011510.140672116,184956.04650671573,695.0633899149783,414.99332449244434,1489.3742132155292,26.257246116015498,6127.421567003271,873.9915892735462,1199.052721518898,912.3379293506373,1.0,0.0,21.0,10.0,52244.50068517067,13.596939006037179,47.291524954861366,149.93330524018822,49.847081897213336,25.375230780501933,1242.3038306286164,0.0,1.0,0.0,0.0,0.0,0.0,0.7384792656062277,68.68095975323861,63.61941368441971,25.76664513130231,243.0,230.0,0.0,33.0,1
301218321.93107104,48797.0,7.0,129613.8549397202,118.14505075848281,178.50992565672323,81.38511795642849,45.44884362735634,1.0753717600025525,28.97440379371205,11.4057463049025,4468617.4699578285,108581.4331735655,665.8537063562052,102.09431982100209,3033.392576289869,71.14058474795725,6680.350440934276,512.6132480536286,1968.856557002024,284.56306927211847,0.0,0.0,25.0,11.0,369527.2729013401,23.27314791009374,52.519419600855784,128.35526463938191,79.35278181041068,41.132232841759446,2373.0803303109,0.0,1.0,1.0,1.0,1.0,0.0,0.44035519263738443,119.06368599229674,65.17311508885447,29.525309103239803,406.0,51.0,2.0,34.0,1
442388320.06964993,12862.0,0.0,2558794.8459829874,148.1937443965062,62.62900608413805,50.550984956860354,54.43254567873534,12.297077263205258,25.266735423197435,53.07089924200048,23125399.08947343,438174.27876439574,829.4285601632039,471.9738047623613,1846.951117598986,4.810852801666798,9140.605803264516,473.36101319746535,3278.0329122160765,220.10157274543906,0.0,0.0,34.0,16.0,443624.2726886333,71.13762037524828,49.64119796558775,78.50001568538738,64.61170729267113,6.463297294769954,1431.5546790329897,0.0,1.0,1.0,1.0,1.0,1.0,0.09186718688677942,121.54975102448525,63.6301301198045,5.010054925555691,343.0,40.0,3.0,36.0,1
383709604.4568993,34257.0,7.0,4058925.7392603317,150.89271687280575,98.5769059546319,53.25567173277474,110.21739601906292,15.600834782750972,7.514429013500878,45.77941615998211,84355742.12213817,565263.5347996003,277.13031234139373,77.77289996863395,5.259862801940685,56.27030530435029,3807.5297469462867,198.43933663226233,4180.131017888634,425.86655817542663,0.0,0.0,31.0,11.0,463367.27436500613,15.62243697241148,56.92990692506797,186.2683327993086,140.7981394618817,13.403939120485242,932.347845220573,0.0,1.0,1.0,0.0,0.0,0.0,0.4405059751672604,75.99264338477903,108.5136044373603,50.22663080432352,742.0,100.0,4.0,26.0,1
418283448.85000193,23475.0,5.0,641496.2220076352,20.434994885837167,47.7867927745336,52.039997524775046,63.03761201788862,87.89290329477213,34.33370688370117,14.444577211451637,62337315.47474682,139568.89555565044,339.6837254695101,64.58209805119891,4809.078707001397,39.14486635868403,7195.749946958622,376.9938189705373,3463.7075013343974,453.3193689780068,0.0,0.0,32.0,14.0,330427.7313455307,42.20192622398897,51.3808355431687,136.55436155804793,136.80615989088633,47.32732222720044,77.30504270228339,1.0,1.0,1.0,0.0,1.0,0.0,0.507687779735764,136.3849821923454,58.44603359164029,10.220224222655423,379.0,213.0,4.0,37.0,1
256193995.9074084,9168.0,9.0,627428.2191273054,157.3439316445961,44.74110175622258,40.05556640388429,64.8201784193395,42.49817022212808,2.134039293807275,9.044649976565612,56514306.451736,293980.2199150361,42.33945060917599,405.93805529369644,2748.1453803641834,79.69713919154653,6403.40621124484,332.8248623150991,2971.6142239366163,5.599438864240636,0.0,0.0,35.0,15.0,99500.8089061744,71.28807220926188,45.797833437582,99.90741621459846,130.08371333841092,19.17759484670118,2287.448543195501,1.0,1.0,0.0,1.0,0.0,1.0,0.45784219349337685,69.57099407773404,79.89769950978794,24.637269527058955,385.0,246.0,1.0,29.0,1
311589294.7651832,15438.0,4.0,2844891.5409737094,438.9568882940035,198.345359467479,68.42606510989437,125.70523668779717,27.49316919703817,23.80862754066598,18.973962611174105,32237474.461972892,306637.0534341443,868.7457758035334,409.3509138515072,2992.163008328916,78.39515802055618,7877.527188659602,270.7356828294268,738.6428127053434,779.2531125598329,0.0,0.0,23.0,17.0,43562.99119441403,76.54683844300052,54.07174514356512,182.90976485433856,118.53387282553862,32.42030642241612,817.8916521451055,1.0,1.0,1.0,0.0,0.0,0.0,0.8162417117482725,47.68508685722921,115.66755521527975,50.41593282383288,967.0,179.0,4.0,27.0,1
113393427.59884019,803.0,4.0,1175306.5260555588,455.9938237857405,118.95544132902154,42.33752736496739,71.45174437206369,42.907511598681936,39.35282000926425,23.87703397621648,92977827.80209564,262036.90282313986,582.4297349221781,369.3797099406236,2999.457128386475,37.555964245750815,8969.427918333073,567.4065746467732,4080.578007706413,996.6670381420173,0.0,0.0,35.0,7.0,116780.45194969281,9.488117867166846,56.40128976045992,67.62165983521709,56.947912201442975,48.80633895812947,1761.9435032877404,0.0,1.0,1.0,0.0,0.0,0.0,0.9108513490430293,105.98546293103365,96.50381630824157,27.46697641281117,592.0,176.0,3.0,23.0,1
253199176.86773744,37374.0,1.0,3652417.607048645,54.81767288427519,96.88304298163942,56.37638870649401,47.87460323671076,39.48408927006323,21.260189273709944,14.747080589935406,33452235.37373218,461300.50502549927,298.1222918836933,480.26523195235234,2753.207304097014,62.27140140877143,6800.608554300947,462.27536028028203,186.37443996519343,528.6908701020893,0.0,0.0,31.0,14.0,481016.63570673624,85.19956094194782,49.3088131352793,103.97076842614004,45.320416881906674,27.539387816536774,1735.5930052786623,0.0,1.0,0.0,0.0,0.0,0.0,0.786778675211034,51.777763011477774,105.70089578530323,55.86914012798782,951.0,59.0,1.0,26.0,1
289766417.9570576,16789.0,8.0,4748428.763942866,229.0292708092157,83.98033226000302,99.68820547551829,44.00751420408472,30.146166798801698,32.02687279837683,59.93349292526539,83576969.0589682,653410.5207354188,69.41653144936555,135.269814342708,1450.2392238679674,22.75488688194881,676.3955450306436,889.1976853146673,1320.9583161765104,388.25869501245126,0.0,0.0,28.0,4.0,481210.25567360537,72.39723011299664,59.74394477764638,135.15597616830067,111.92766436401618,15.267297461436796,634.7079034218697,0.0,0.0,1.0,0.0,0.0,0.0,0.5827819022109597,70.43304706931337,67.59976774101233,12.558858205241382,727.0,151.0,1.0,39.0,1
202083559.83963266,25012.0,7.0,3831336.8659690632,190.67445079381957,196.80202319119346,95.10377268341799,88.74957859698165,13.789958241196532,23.807238927564086,13.779140174374863,89642400.03860046,509880.4937323764,723.4095031624597,413.3243694951438,4857.880624540281,58.040683618042024,1831.4034584978024,941.3439770471609,285.29458465980593,392.7518932212033,0.0,0.0,29.0,16.0,191577.52307525268,33.92945886933138,57.58193758382627,107.57400704606103,110.64839508926092,26.597422797603116,159.44376615181332,1.0,1.0,0.0,0.0,1.0,0.0,0.5414499605548907,95.79050323532817,142.59863604817264,42.91396979728628,906.0,47.0,0.0,34.0,1
112496391.59625992,7725.0,8.0,4386490.955062687,244.67959831169395,80.36012568346939,52.90454848938005,107.88414354531106,65.59154619738806,31.323532596919705,49.838089618971416,48591833.8150056,202255.10568509687,748.7375195490611,176.02026502171043,3108.3420625764247,8.126469394752245,9539.78182267084,219.47342922809088,3337.144877922313,96.07713217210068,0.0,1.0,30.0,19.0,163569.97900767776,76.380285233024,43.93909339330983,126.7427957530401,80.6366713229929,2.7318599665429657,962.5009466796089,0.0,1.0,1.0,0.0,1.0,0.0,0.644616030123659,71.49955845930273,85.52671731479691,58.67991141370365,200.0,138.0,4.0,34.0,1
376163243.5115808,41228.0,0.0,2600332.357570493,277.3597620293386,156.11334331803891,58.60014591483596,135.57737567309832,13.660440277965535,26.22376541421149,9.547064825428366,89481782.31333388,103836.10800035235,666.1786521150226,268.6993127846703,3354.6068027698075,43.46042841186101,9686.504733772263,100.10542876721051,1841.8554129675724,266.16181836401176,1.0,0.0,31.0,5.0,255495.2805472736,72.8298865340659,55.73511744312475,97.00427532633773,91.99553330791568,5.618493704634559,792.8275345929997,0.0,1.0,1.0,1.0,0.0,0.0,0.2878302964393745,63.64959766620488,71.5660330273568,32.97681823321865,960.0,49.0,1.0,37.0,1
274035100.33953726,10998.0,2.0,4162434.924566579,10.129380008873035,85.4012953289494,67.82227493611309,52.18848345359032,77.54244526726744,27.645280581501147,58.81467751655685,28041927.095409185,822048.5924358016,203.78097094672952,222.80001485066435,2273.963786585249,18.272768153810915,9674.133136983624,785.3375514877495,3260.2424160243336,502.1327886346312,0.0,0.0,26.0,11.0,146552.35764223296,60.089122650838554,52.019024886995325,78.2116327306056,93.80643270617884,0.3585552526134961,1750.6409971808146,0.0,1.0,0.0,0.0,1.0,1.0,0.8118468461486851,117.350395639622,139.47588024643196,41.53103391863957,966.0,19.0,1.0,25.0,1
266271277.24489367,28357.0,8.0,918601.4040134784,421.1211239605804,51.27832085710706,90.66481279955461,61.63401089171259,20.16880132804536,9.112446043455362,13.531407496985091,66014125.905235946,479825.37803506793,913.2160585086049,2.925011336803618,1439.307002453913,88.33811820915227,367.99400400117975,994.861403638609,1735.1547965179514,431.84800113469737,1.0,0.0,24.0,16.0,489851.5633761261,55.84811734058444,50.696225956156695,65.15957940635924,66.3920946021157,44.210502078250215,2049.456239149598,0.0,1.0,1.0,0.0,0.0,1.0,0.8568481776036609,100.16992755425251,112.08185767908257,23.593599576060505,41.0,247.0,2.0,33.0,1
199994701.61140355,43650.0,0.0,346397.7125261588,486.83203658666923,149.3242583228706,88.15875648358546,98.27806719982182,73.13713071333116,29.672836542916706,25.301313287015535,9252392.978176434,63077.04494974332,753.1580190208763,287.23109676957887,321.74491087464673,44.49008179668318,3824.4816794941826,863.6000698541542,2278.703653997471,545.0347457431102,0.0,0.0,23.0,0.0,111389.47362226412,73.47034888995854,50.27877173159137,82.07051908769986,74.55832730983445,33.56402144497978,556.1135434791867,1.0,1.0,0.0,1.0,0.0,0.0,0.26721716318183053,132.37373730753086,107.53404494522955,45.080240383528135,364.0,228.0,0.0,27.0,1
315132159.5992068,35688.0,5.0,3281485.7850728063,326.70240600182115,40.26093562077838,47.57448619397693,80.05191984661727,80.5586105695467,9.51639546657323,33.513844006074386,47656454.302193195,258863.37814990844,657.7563235839702,373.7529438819765,1751.1509828394312,59.077374863753484,7596.72703987996,23.697402118734722,2289.8050508309043,849.0656486374066,0.0,0.0,26.0,14.0,185202.19840920152,99.92599017054545,57.068222855648585,193.41251196347366,86.02285101298517,14.916488256637406,1320.5776744411057,0.0,1.0,1.0,0.0,1.0,0.0,0.9028182081400776,103.93635541210253,137.54081173827848,54.53244339142375,423.0,175.0,4.0,36.0,1
275210712.50829256,30199.0,4.0,264502.75627148943,330.2261192466846,148.11976184969112,47.466930900901126,93.07911963700441,12.532600977445075,39.22561100570353,7.217142909365599,22124514.31475562,804229.7446057707,650.9439234217875,87.27619178763563,880.4871463419606,36.03818603300104,7528.858036578308,251.263550706466,227.903268337723,225.242302699612,0.0,0.0,25.0,16.0,215256.06697438896,57.85522493158853,52.21745577806897,140.55643866714337,106.34969329027487,11.05807096036523,101.52086847040415,0.0,1.0,0.0,0.0,1.0,0.0,0.8487327239916674,93.17919329511562,46.43943148985228,42.18333402303175,429.0,160.0,3.0,28.0,1
289593789.2116364,44413.0,9.0,4462944.688602704,263.9899289153542,80.0602558383717,65.00393523364268,141.6537113882637,8.674576828800406,9.111487638448189,49.00920404874608,6744946.154094987,751974.5984487764,904.3577000916412,465.8279309465187,3310.441341285059,28.87410352398029,859.0890494995851,43.34227704126392,2151.1326317300177,27.66418090631195,0.0,0.0,30.0,17.0,63406.94751749992,80.8717871762248,50.75411970107467,128.45441753891322,145.14011266191318,34.153830057888996,535.6395573336548,0.0,1.0,0.0,0.0,0.0,0.0,0.42448676748251024,68.7381986771867,132.14474632083383,56.15572268285875,797.0,61.0,0.0,37.0,1
332348539.3745528,8905.0,8.0,3459312.964801556,167.13670585719086,159.3766771314402,92.20572337682633,99.9380819251156,94.95727706536599,9.467360143906252,16.48113196084979,870688.0537232629,875940.8162644804,928.3071330971237,265.1997697092519,4395.019424013597,20.291978306153357,6094.88887089519,820.7793770411665,3205.3218155760133,38.22544528274074,0.0,0.0,38.0,3.0,192029.5885582948,74.4273717315583,40.97719813516098,113.8053375027992,99.2333070470944,45.97660323926412,1904.4040133052076,0.0,1.0,0.0,0.0,0.0,0.0,0.9090002020927456,127.12724626004271,114.56508007356109,35.31915911953858,715.0,146.0,0.0,34.0,1
102529858.89589414,48181.0,8.0,4761242.623417515,74.48891208976055,163.1600267761039,92.92509994573014,85.66326716732836,46.30468067525807,34.34692481935456,32.95619409609983,32812835.58586043,602485.7381756904,595.6374180102399,89.12300157554675,1513.7742912282615,91.18715826670196,1428.6961854085744,581.4069762923164,2730.261230377169,134.16880530685836,0.0,0.0,22.0,15.0,428508.6293308847,85.58084020338256,48.96605739517115,159.17882043767395,120.42803004975217,14.956954552605534,1983.4958012226812,0.0,1.0,1.0,0.0,1.0,0.0,0.12043899381150813,61.65581094208039,79.59920742581423,34.628246427057775,217.0,191.0,0.0,35.0,1
463078361.41536903,27877.0,2.0,1572863.848284612,292.0316713480253,155.85715821080606,46.44195098119181,148.83838973697192,63.02354949729884,9.719434478512765,32.97802864159481,59158294.1564079,423483.02842369693,416.6694109625484,322.97378545844265,1664.4131270702328,79.94657824269527,4932.093328677934,513.7185411670539,376.4188313914363,570.4829848044025,0.0,0.0,26.0,15.0,71040.13972692247,95.45248613841383,58.160831240910156,79.77632662685306,128.77012126351087,16.077955469339088,1941.0111586295081,1.0,1.0,0.0,1.0,1.0,0.0,0.027986559208900363,66.64512520704763,68.19864767762411,18.27764328654932,623.0,138.0,4.0,38.0,1
128434958.77803251,20551.0,5.0,2433360.754462096,22.470701754603528,43.917350634817666,74.4578372779331,47.173723688948996,2.3260440121767756,14.436111739651318,36.1584391395471,45795419.59129015,427208.36255689623,363.73397955941624,95.961354257672,3351.8225191450583,13.326114443103087,2396.8570084112152,554.4498819965276,3340.2799284337443,808.1848100379248,0.0,0.0,20.0,0.0,292426.9534622674,19.30832074608152,54.23473458689238,98.65818147137288,52.485893343940894,42.712036259688645,355.9698124706753,0.0,1.0,1.0,1.0,0.0,0.0,0.34786682559405435,132.57474564283768,51.52864898697134,42.57764946982715,998.0,72.0,2.0,35.0,1
280369898.9263978,12863.0,7.0,3709743.373400369,412.25128384593694,152.59785914300295,49.340511827506774,142.5324793208289,27.87101805563399,28.585606447161076,3.3291591914588814,30526045.20268986,194806.0444484508,819.0788410807224,31.766674147668205,746.3571712061818,74.67248762917983,531.6117173472768,252.45125869659114,1544.3137745763047,886.8059392806316,1.0,0.0,39.0,14.0,203911.93189194836,16.54596363951163,41.01907956112307,151.82629675292537,111.8437134309335,44.668790794187615,1377.5868186710434,0.0,1.0,0.0,0.0,0.0,0.0,0.565435698827345,121.53117783021322,143.5181587271359,52.91715130536932,450.0,100.0,3.0,26.0,1
182949150.09575257,37271.0,9.0,1217681.0323767986,210.45584973530774,198.4232982489221,81.16775860016696,95.18280262720313,50.53976545593862,6.349943207790529,10.117125709894072,99124403.06223698,651148.162556364,644.6053398343336,342.65762120962114,4647.187133388496,41.85307770366532,800.1942552660956,601.6383691388628,72.17401389511046,635.1132019749713,0.0,0.0,34.0,12.0,86097.82633260991,58.635182841490085,57.67984564302085,127.06901104193192,93.03217922798669,45.70182834148893,1056.7710361084573,0.0,1.0,1.0,0.0,0.0,0.0,0.3514426145328662,107.41608378774725,55.61033136624898,38.778973567735875,950.0,215.0,0.0,30.0,1
309512947.74795014,48812.0,0.0,2711534.8564577764,207.37711208098742,78.82005896409966,94.98599487573438,95.41319715438519,88.6218313389404,6.36287019310009,9.671534575401852,93982741.47797795,585483.6873367612,77.26603025365364,55.34744165274724,1819.2339051274153,1.5396654960569855,9108.929497299083,30.66697846402999,777.977785421226,403.14325245089344,0.0,0.0,24.0,19.0,7155.746060153705,44.929506288650444,56.53334442754108,167.8129554542724,102.96740364726813,14.65771040033474,2478.7157419877262,0.0,1.0,0.0,1.0,1.0,0.0,0.9420677336713595,44.28125838652308,68.53823893039727,13.982353235914978,665.0,65.0,1.0,29.0,1
212092043.51885515,34536.0,9.0,3299039.0386523632,163.5854292379529,83.87817155605417,67.28615754853561,141.41607676235301,27.143941756437627,19.45433693066476,18.12307556495111,13002504.03033094,155709.54701740705,142.1860130150272,53.10872418821766,505.9972296338733,52.836732037622205,7446.45964201534,646.0117239708396,2487.7982865827976,154.51470815614744,0.0,0.0,28.0,0.0,137398.30844146022,57.072269291916925,50.93368423139056,185.59537815393145,44.22586293459491,6.015628379817445,1635.1746726458402,0.0,1.0,0.0,0.0,1.0,0.0,0.25471022905514507,53.998338011319916,116.02178975264168,32.64654688330119,947.0,246.0,2.0,21.0,1
444002599.22504157,1734.0,3.0,4894149.228962971,484.6769443492932,170.16424793288633,44.98496648152309,95.80563775523765,77.51913198587197,9.747870169309074,8.694849411500392,41803188.95351523,885777.2571253295,900.1858951048464,369.97178159090663,873.4200246032076,13.00464400848661,9318.239817729505,734.4338301788308,1552.0082951503434,401.41833944347906,0.0,0.0,34.0,19.0,31852.65138830296,79.80427344855086,40.44810930364563,175.27216279189184,139.68373102021238,21.999878599927104,2338.0052284893227,0.0,1.0,1.0,1.0,1.0,0.0,0.28121339359267894,94.99532062063707,118.11676816745918,45.3562450170849,924.0,193.0,1.0,31.0,1
258543933.5849681,23507.0,1.0,3724792.954740712,87.45847638535942,65.66348880897289,74.75525175367272,88.22477995831636,66.22129282587018,9.426318222761342,55.31527924645738,65060269.93236428,369099.7351072864,884.4981481045008,27.60111660403558,4663.73038003729,20.993431309359465,4699.899323335527,673.0262637118271,3471.9150687677543,332.41513390778357,1.0,0.0,39.0,11.0,189007.46717707085,93.17144800492464,51.248592360676014,85.78907999650248,144.8062564532995,14.788243257059053,363.375762521094,1.0,1.0,1.0,0.0,0.0,0.0,0.6348276125448551,122.097281583118,57.68455750628534,56.36179889236517,17.0,227.0,3.0,28.0,1
355502222.30737495,36642.0,6.0,595063.5971439746,75.65391073760559,145.69338808072825,64.51100020815127,69.97374513289189,11.527076780574497,0.3695568567405072,30.777267030678043,73482334.3542287,50689.02675554741,951.8324486974689,404.8845895239773,1235.5964418451,69.6040961424093,4132.924989528043,332.1175183122202,1203.2673778288222,870.0258808571377,0.0,0.0,31.0,5.0,405294.71799397346,41.74158251985581,41.09178099852852,72.805832973777,40.383011605307296,44.19333334059179,1127.1831827505728,0.0,1.0,1.0,1.0,1.0,0.0,0.0038638823417082024,91.05109506110057,129.55442768421904,9.395762971233237,819.0,130.0,4.0,27.0,1
199551891.25915158,19932.0,7.0,2379290.589659635,82.76575077251508,160.80422040009256,88.65392514003761,112.4698443499163,29.337517279199655,14.817983647917918,37.414508862161064,36954029.41349429,328553.039859004,427.85096732832375,398.07437932391383,3311.344019156432,25.71420371411961,3584.0729250209556,826.2629151275427,3863.980842375843,486.71937741060725,0.0,0.0,25.0,7.0,360122.9451779286,71.79326455436245,46.40757919274961,83.72168407630679,63.4070751245662,1.8317470901772437,1929.0190002646716,0.0,1.0,1.0,1.0,1.0,0.0,0.7275570523545992,41.90223268562614,96.13159960939987,7.649825457993636,193.0,57.0,1.0,22.0,1
107762460.197607,38672.0,1.0,2945910.0610329127,329.263741425382,45.94570589109715,60.42066783558326,102.66096000777378,23.786403643861973,12.730022184736129,21.44929052388725,74755040.36716709,869986.8579968642,784.0609076407071,70.696714038883,780.8261176913256,89.18882018418167,6163.0709605209,715.543997117482,1432.3859069698997,226.1958999545288,0.0,0.0,33.0,15.0,473744.4721391817,19.679918784140938,52.57819237805478,169.69429682403228,59.82135910798449,31.694023481813616,919.6443200760066,0.0,1.0,1.0,0.0,0.0,0.0,0.3774694830931572,60.26969985335039,133.33023459266198,24.77661181397436,844.0,8.0,3.0,30.0,1
261661814.24531043,35393.0,0.0,737382.598607442,495.94765936479916,128.60193508243617,92.49383202835536,63.577998064256136,44.25275875732855,1.2462324330668162,16.574768462034694,12852926.28461249,917039.6292759228,828.2250273143216,259.1903236384844,970.5084617438886,65.71697584241699,3515.593869713336,128.29732292427786,3104.318537922078,288.8010668157799,0.0,0.0,33.0,19.0,214080.69325119752,53.455194935452354,58.25826167764349,187.93635252897946,125.94349690078366,45.309068287405694,1581.2712403841167,0.0,1.0,1.0,0.0,1.0,0.0,0.977747867643296,104.76433695822399,49.6013928832299,7.536670167756652,827.0,136.0,4.0,31.0,1
314594595.8233161,3451.0,8.0,2162670.4546204866,117.73758520087735,132.14036136574126,56.422024458087094,118.03542065674573,63.53342430475843,24.84932712854654,30.190630213932778,33515356.21314162,490908.01884237386,315.6969058381931,48.31274548447118,4396.191094499888,83.22834849108091,7462.7323398200615,195.14422053831504,3996.081901255901,136.47016454268902,0.0,0.0,32.0,6.0,354192.89789733454,2.1804777780519924,47.155912745189575,189.56284147854004,105.78880650230023,48.8335183403033,1279.2554309341517,0.0,1.0,1.0,1.0,0.0,0.0,0.6914175930297486,116.36387656567905,44.71129990030586,58.825734750307106,264.0,102.0,4.0,22.0,1
283818860.5047001,27942.0,9.0,1423609.052597436,452.8086985337439,88.55086358268707,49.451058153321156,110.84955430703046,43.34197555085066,25.06620728013416,17.659378490090017,71785100.98771255,956383.6001333445,145.33771122714222,316.2856098929936,740.1661005128091,61.51895383301841,8013.173262158622,637.1084131782386,1927.7806432187444,918.5854490691312,1.0,0.0,20.0,19.0,333005.5193289081,50.3750567133097,57.20047565766907,101.75021051186238,59.50670296264049,32.50652996490216,2479.823523044981,1.0,1.0,1.0,0.0,0.0,0.0,0.052214955082343084,43.677114398309484,110.06894196437847,25.45826203695355,67.0,29.0,0.0,32.0,1
484805745.52754396,8676.0,1.0,598543.5735988197,139.3082796040862,180.21514710360276,58.38882263911479,83.70672726271948,24.4536575751806,2.8320188709463556,20.618755543785856,62755437.63090732,875366.5674027641,997.0263616391729,31.465006485273285,93.75293368139582,86.88495910220159,8758.44593429381,289.4161335560261,234.0247090773523,50.34584623646854,0.0,0.0,34.0,12.0,109306.10527597152,54.533645912549986,58.36722020801032,177.64779292189817,129.53680508507466,47.496147851119,434.68135016372867,0.0,1.0,1.0,0.0,1.0,0.0,0.09262780874197363,44.766492880655036,56.50261768207985,32.016631144074296,429.0,237.0,0.0,23.0,1
382735669.5384113,24377.0,9.0,2562649.457649955,323.94996006265006,66.03995508797702,42.09494750936479,40.48410140939056,69.58787682282754,12.681662516378122,27.165052456251427,83802416.37873466,825405.4863821261,30.219203751349898,472.24042816137364,2506.165947631381,36.168467502215016,2428.0093024527728,119.43294144623695,2677.2276052944044,12.846248555894224,0.0,0.0,20.0,3.0,152487.67011109658,73.54453357783312,40.42087760914629,135.07297490309352,78.88223589863233,3.7829731312533643,2338.3717383253193,1.0,1.0,1.0,0.0,0.0,0.0,0.08816810692415855,68.74411270019992,97.74439503066299,13.625266877566277,310.0,248.0,4.0,22.0,1
498267920.2501581,19276.0,9.0,832337.2396566654,20.24947596668386,98.27115352093769,56.87475801245448,89.12392651938065,58.447109471148984,34.91222127981591,30.34402123106133,5162273.755381931,859850.3546175238,597.335918711443,103.86536768479083,4313.634066314673,54.914057688557975,5270.220492923754,154.9689931498922,4977.045307722501,182.98893352686875,0.0,0.0,38.0,11.0,265384.9371654824,64.94847902069917,44.78855675505063,175.19085876874902,90.69425639224126,17.96391729981199,1003.927384508242,0.0,1.0,1.0,0.0,1.0,0.0,0.9526222598919437,49.18518649252214,41.55196352129596,26.947567412215754,567.0,95.0,4.0,28.0,1
218024036.12558877,40364.0,9.0,2954734.355885688,247.8269872880945,175.7869899435727,79.60705803292184,40.66639288432769,51.931390741569196,23.286682729783138,59.058840706910324,17851975.923393328,382493.5367566547,650.212274181709,341.44732797432255,1629.9552270781237,51.589040044433354,2234.4461672983884,165.61718054040065,4844.959331884568,810.8740179106258,0.0,0.0,37.0,16.0,398532.002183955,35.839673430580156,54.19724598454998,136.77107793320016,82.603726585271,0.43573486633668446,1169.9824159432362,0.0,0.0,1.0,0.0,1.0,0.0,0.6840515412175877,99.61408554127011,125.79221866030203,59.08163609167319,83.0,171.0,1.0,27.0,1
415621311.8428586,43420.0,2.0,852636.1765481179,327.2849831394909,70.5028410569588,48.53697871339554,48.24983382289439,55.44195974459784,16.478988960479516,13.39935528971643,5325210.936060662,756712.4718147881,681.7893419696484,64.14571218855502,640.8113532285525,90.37907080779705,375.5582342034114,477.7909068183822,1105.110969720841,523.4667866310813,1.0,0.0,31.0,1.0,231444.55449700335,0.5730900713121323,55.13686086159097,80.42505076907655,97.35182270853525,49.05918860954092,1321.5047092249474,0.0,0.0,1.0,0.0,0.0,0.0,0.4276060072889357,53.60721801523485,138.94831871963515,29.32122908201817,45.0,105.0,2.0,38.0,1
322223387.0186455,23127.0,5.0,3619356.643396091,268.1598886113143,171.419861812428,46.68189836719528,87.36708927289175,22.190064629382356,18.604077138563838,29.27856989295883,19615365.312796526,577761.6640730731,255.62774396908972,104.79822416338824,4911.154147828189,16.491540860861353,7078.253041698377,607.3854534294974,3778.4825471212616,625.8432873769864,0.0,0.0,32.0,1.0,114643.02655158812,11.548587362294892,47.84833700434108,71.09073715023364,92.81567157115978,45.13632393833496,663.4163735839496,0.0,1.0,1.0,0.0,0.0,0.0,0.20048268988003104,111.30412683915647,132.2771038160717,0.5294355482691726,447.0,127.0,2.0,21.0,1
344704141.77939975,26896.0,9.0,980231.9070332036,118.91769244089556,52.651068378872914,47.943117475261026,49.011187260386045,68.04310610924563,8.331199777432206,8.970704369360336,926139.6579770333,719964.3177385663,721.5792442988508,225.4748244416853,3383.6931474470666,57.80607631866924,5489.812739351246,176.40227485441494,1724.7591591003297,357.7316754157348,0.0,0.0,21.0,0.0,496739.37944990455,97.30606535174523,53.135092255457096,194.01068088930754,70.20424029286869,1.4026278124100677,2409.1436065269827,1.0,1.0,1.0,1.0,1.0,0.0,0.8736397464358032,125.49478512383457,145.41880944654602,14.551651815037834,788.0,159.0,3.0,26.0,1
494341280.1769311,31341.0,9.0,4481944.078376867,414.24847413395776,118.2766507503984,44.653100455687984,70.32319771658828,38.75005355387683,32.475260028317116,20.999953962478358,50668925.0170472,178608.32147319385,216.39956328126553,286.5480706707581,4253.453159740782,75.44311942269803,7239.272795530836,712.4966103632211,801.3624009154574,68.67798554917005,0.0,0.0,37.0,11.0,58673.824370480565,92.23331583153058,52.2431723472407,119.61235790042105,86.70116412432243,0.9066325229882988,2278.7180130869738,0.0,1.0,1.0,0.0,0.0,0.0,0.20155592767134045,146.75683301273173,139.34053301246686,58.707289828710245,322.0,106.0,3.0,34.0,1
361594879.9004468,32799.0,6.0,135915.7359613002,485.0682556191201,52.05290599131254,92.47812471057637,112.10405054148653,36.34678197300196,36.560188218038704,43.03864312238426,53067282.359041415,731662.517863167,829.0382557516824,499.43162019584145,3760.6913616446186,37.004976053366036,876.229114065371,281.01260750152846,3329.573503012466,856.1581624921681,0.0,0.0,25.0,1.0,477988.5648381726,32.509316308114535,54.7954992320212,109.0728902856245,139.917086483973,18.348474705318306,2432.2627505284067,0.0,1.0,1.0,0.0,1.0,0.0,0.7066792164758174,144.3247657801486,88.84198201194017,59.34405080464395,331.0,205.0,1.0,24.0,1
459526756.9347671,31804.0,1.0,2612376.948293451,229.59804784603267,148.4645736098423,96.6469069297917,73.9476876870361,14.973420826677053,36.42656169000175,10.467728625634473,65960232.24989648,957634.8417599775,219.11667408463452,12.963114045472068,3491.2113699459505,86.75815246159763,9955.26179061942,311.55813839396086,2504.3436476338447,191.89427212540744,0.0,0.0,25.0,18.0,404714.0979268139,25.885293992388767,54.373168554902435,109.88243186756345,95.31835501271695,12.92689833954509,2492.2989305238075,0.0,1.0,1.0,0.0,0.0,0.0,0.763324361545346,70.07016652588061,83.81830292880113,12.62958538630234,167.0,48.0,4.0,39.0,1
390300093.8876988,39172.0,0.0,1603923.3056033019,317.95963259462684,166.49623824889602,42.793669103727176,149.74134535336614,59.68373345504464,8.957375667691988,34.88107845300259,38798788.49650382,303360.65905904816,696.7060290760775,0.15720982204348033,1922.8203356546014,37.3014767077734,9943.48566947032,223.49862107410758,2696.1527882783867,33.059200545114685,0.0,0.0,34.0,2.0,419607.86613461806,43.641629369003745,41.71741595980723,113.05081760656608,140.80250514646133,42.34661386212511,1674.50023795243,1.0,1.0,1.0,1.0,0.0,0.0,0.2946560888554083,43.23505628854901,138.5802034768697,36.91584527063121,289.0,171.0,0.0,34.0,1
150954448.68990004,49100.0,2.0,1129257.246244081,395.20663417278627,175.97736771948846,85.60430689261241,140.79322373064792,60.266441054650656,12.429610711058277,25.002061414080433,819165.2231758086,986175.1626316714,783.4134858339759,175.183547357474,1621.6999660181968,17.33087598959161,4649.998255035127,785.206135943191,4136.963311177542,572.7041359331937,1.0,0.0,38.0,1.0,397663.8739626582,68.99400296120729,43.16500361880122,192.29955590520734,100.5139752599761,8.024220163593116,1129.2137395143618,0.0,1.0,1.0,0.0,1.0,0.0,0.5049147371706423,76.23534377229447,141.96326748929496,4.614499830324867,305.0,251.0,0.0,38.0,1
379769484.128925,41423.0,0.0,2360655.8819299145,120.74453031089699,197.0019601190382,84.22910480303187,104.3840895044076,34.03006436665284,6.424910992381472,3.0947726642683793,67552169.8635599,378997.6387905657,188.94575046218876,183.07818390120994,3584.7929794723705,58.40483554050317,8660.587151838361,959.813832936877,1682.7183794371153,83.28922038460107,0.0,0.0,29.0,5.0,104877.29971100637,35.68276726579737,42.65454294518632,68.77864223644463,124.56990225905747,39.53247313504286,2126.834753740762,0.0,1.0,0.0,1.0,0.0,0.0,0.22298928231839388,117.93281305839186,147.01195431498405,34.64649854667775,265.0,217.0,4.0,38.0,1
293726235.4741928,6822.0,1.0,4210887.583939683,432.2251909643927,147.5225155679339,99.81456547660243,146.36418524984236,85.98500568655341,12.288045345292527,55.98451448870667,5901963.230917302,200523.77352401183,237.98648763260277,441.9186180493158,3583.5650408861507,42.056801003731245,2435.685558055568,492.4998486780927,3335.473797778315,95.76185185983421,0.0,0.0,30.0,15.0,316658.6063202257,6.729384773115554,58.64960139685638,76.66858023352188,72.29504406256842,27.72298499953316,59.51219459084639,0.0,1.0,1.0,0.0,1.0,0.0,0.3789296574554981,46.57813301997932,124.5148958327061,7.555242089186245,351.0,11.0,0.0,22.0,1
467519197.19293696,23866.0,0.0,4576809.64160561,140.10045265499878,163.04990621440325,60.872239703264086,135.4819023875774,84.54578987154284,13.312214884904012,24.81618841757318,86683957.86636552,113173.94357043815,779.1037387343669,456.291273848651,4752.9419202454665,1.5190104682004546,7375.66161223297,42.0306414319922,1830.9573348131264,800.3770314825251,0.0,0.0,30.0,18.0,378618.1564130149,40.27950924443964,58.27085296705978,170.55121216745889,126.94548390488487,18.86958857024939,2086.0101117837585,1.0,1.0,0.0,0.0,1.0,1.0,0.9651343982800088,79.56839234385716,62.21877129355184,49.11969141855947,290.0,29.0,4.0,29.0,1
422733778.8761821,23118.0,7.0,1519726.8476484895,387.9154017576194,120.9213245314127,57.13053950142498,75.07883707245358,10.905430648243131,25.32422948258542,47.03559214506997,2754071.7769397674,785176.9513748896,85.99897163495285,440.2624881796594,2843.2990892416115,6.9838592493503215,8792.258568135658,260.56931642547585,213.61948290214593,491.60958931799547,0.0,0.0,25.0,5.0,373097.21025872405,26.05889944814319,55.9482453919394,136.91732878761943,69.07537742834842,7.2859880866689375,1243.2150605275167,0.0,1.0,0.0,1.0,0.0,0.0,0.6931380346544302,72.78380023015976,143.94495497217946,56.37449925613467,697.0,160.0,1.0,34.0,1
141653875.04289007,25488.0,5.0,775446.8923648809,56.04961621321103,186.03790418898018,67.18492724858963,122.45558705838403,69.50383878099183,7.585855261924985,24.978809323908017,53282274.764034934,555270.5749761917,190.76095246666412,71.5893752430239,1473.1055289383676,19.527718020659,8146.662660807785,158.05029111884605,1890.0755366817446,241.50845224714303,0.0,1.0,31.0,10.0,136511.1199014947,32.49300112112118,42.334371213519184,77.99514611453327,42.15049688072703,49.88456529798355,1683.0500677085445,0.0,1.0,1.0,1.0,1.0,0.0,0.8466142061905151,64.12801994008744,144.18556134978417,10.379208482968957,346.0,236.0,1.0,20.0,1
153566257.4614234,26470.0,5.0,3602101.535593705,144.19335170708487,143.001341151914,91.39451062895142,55.05149624043421,39.38347561850223,36.775876974709746,56.24161929472707,89544329.29735932,307824.16236836684,455.5309061899152,206.05241759053672,2447.643996652387,76.93299595181523,8117.740782411574,842.7622848520178,4750.172316020673,348.62642335951875,0.0,0.0,39.0,15.0,91378.57449407702,16.295724578730443,51.485429398391716,64.8244191489671,57.68018374954623,30.899306046076834,935.115153356269,1.0,0.0,1.0,0.0,1.0,0.0,0.540599571466741,117.67438302033469,113.27445003042686,27.76273011568944,772.0,216.0,0.0,29.0,1
127844400.71944223,35928.0,8.0,2912083.6336526615,266.80996696993384,181.36822500021495,83.71561855227392,115.30065668166152,99.97148510628928,4.123978803412398,17.428220065733846,57462712.790983625,608841.9194239641,930.1819287447705,372.9425811475116,3068.5690836295958,89.20395160337483,4630.266320888651,84.85398743320516,2416.3124104420854,729.2409788431715,0.0,0.0,27.0,15.0,164733.36897336005,65.88400694456475,43.74461252179703,91.39280875909184,42.38181625352405,21.969111628399713,921.5578846670397,0.0,1.0,1.0,0.0,1.0,0.0,0.23903974215135615,112.50067055268114,134.30082929844332,6.12257990847805,619.0,231.0,4.0,33.0,1
297297949.89784694,21108.0,4.0,1009075.6626444117,262.46104785215755,77.67232272222094,68.29742883805017,94.01900091440385,22.50236296846524,0.27512044137332214,24.733838981261812,61037466.28112103,332769.0866531637,561.8778348930105,156.3055338921207,2133.6489978845625,54.56408740142224,8199.899477787727,966.4762406883838,541.1521841843409,66.35414475660184,1.0,0.0,35.0,3.0,240442.3957083185,52.66309332452249,47.36767875117605,96.51350327943794,144.17689060805714,18.556377827636584,79.29288202721929,0.0,1.0,0.0,0.0,0.0,0.0,0.7128798566671936,98.90435034377776,101.72940632803474,20.3484004243785,655.0,38.0,1.0,35.0,1
132308703.68294121,13240.0,4.0,3802677.4614967457,425.2155922431831,119.47804491489029,54.67377059715239,41.85085331781072,28.052420541448942,34.197805145221324,45.53185441555718,68320279.40957187,448909.3995711303,387.6778482082255,331.6190142552756,3955.665616797741,10.556546251412346,6907.048130213005,588.513776624626,3439.1341468811293,116.4806159332099,0.0,0.0,35.0,16.0,287316.5927847746,27.086311729535428,45.34182553274826,61.989824140449876,149.99747224594637,45.28641153154276,1059.4735760725332,0.0,1.0,1.0,0.0,0.0,0.0,0.5005679607905664,140.18521036497572,143.85396399528952,3.905865285631589,597.0,132.0,0.0,28.0,1
389471334.6298776,22933.0,2.0,2597057.524034495,498.06362881930363,156.77102737020863,83.62094447610227,70.16528046294079,44.21062945557275,28.15079231064199,20.620038916851414,12679680.349181468,862801.4616273381,978.3702222224766,118.571431595546,2923.066061079189,53.4418952241846,1324.5139814420436,517.7397870741632,4816.896748592606,616.2620349905696,0.0,0.0,37.0,17.0,418638.23079726106,55.38624813062414,56.57861962974932,90.25267536720708,123.84532899814727,41.059590409538046,1020.8854885483252,0.0,1.0,1.0,1.0,1.0,0.0,0.1768488681070587,51.34527380032997,50.33300362513003,15.872791681045623,945.0,185.0,2.0,37.0,1
320943432.5801731,42739.0,4.0,3268709.0215395004,53.60542293007031,72.43548073002933,91.27161208253176,145.09204391446735,26.871514868066313,14.214394814239938,21.86142428011076,67655246.53065068,668498.3103823055,463.7113062212885,161.70962898040403,47.17863813825274,85.5605460596945,1141.8440406452012,847.3506224191868,4539.726232721286,606.9717344671072,0.0,1.0,34.0,14.0,384748.0796246034,49.2707847167238,42.889027990385465,163.36465117333597,51.89409801267464,40.55928941841119,561.9777546701782,0.0,0.0,1.0,1.0,1.0,0.0,0.41242988961821025,56.46581469259439,135.0360066133248,59.41342002535809,261.0,159.0,0.0,33.0,1
434354007.0212569,15640.0,1.0,1799898.4746471266,135.6940664125185,73.81436692191653,63.997073864049455,74.74146335973288,69.19933663865142,23.819988236404722,59.689390404853405,88095310.76027511,762639.4378650117,433.734973687482,430.2148246742419,2849.1994411600426,74.94776291225897,7719.2213593463985,27.54762129145616,2859.8041890406935,972.4621845353718,0.0,0.0,38.0,10.0,338399.11230759154,79.5974856566028,52.92358337220151,179.76071654918053,138.88400063659145,30.809923648119643,618.3081838494187,0.0,1.0,1.0,0.0,1.0,0.0,0.6348402190163059,82.17946471413543,46.10539919408533,2.676196039284111,1005.0,198.0,3.0,20.0,1
211918315.4685265,1137.0,5.0,2198292.318705368,178.7991051115379,196.48683846490198,80.11512674925905,59.95999008315847,48.090811218148055,8.941764033569335,33.33687154142112,97434972.867114,583910.0579181067,411.6443168877235,125.25451804449756,3168.0189297093048,29.109816369737494,6254.640887729238,777.1527494070097,1881.403721742656,374.5494812554496,0.0,0.0,34.0,7.0,132481.15717843754,95.59842693402017,59.67789327552334,185.7530161677605,121.81538015927148,44.397829134790086,1460.3489511062792,0.0,0.0,0.0,0.0,1.0,0.0,0.7353318566822382,112.14702570491907,77.30177574398226,51.53809977712024,211.0,54.0,0.0,25.0,1
307656313.6644563,48816.0,9.0,905808.7813828363,239.45920390500254,109.53765771795297,64.01272127059589,60.628459122942914,22.08788348495402,6.735585945815039,41.362827220208885,44583673.93615553,991406.6508367354,312.1800726067963,482.16204344243147,4576.306257720354,12.389060928835782,5193.761171913774,116.60404556851655,2903.3883425462022,65.07762717751586,0.0,0.0,39.0,17.0,239961.36896853673,13.067050897865595,53.74109166507267,114.58796457009608,76.54689669422967,14.96391860610352,794.4286063487576,0.0,1.0,0.0,0.0,1.0,0.0,0.24322079589035173,104.24872214699533,54.88582068767881,4.647154665246291,141.0,117.0,2.0,38.0,1
146991874.36421776,9869.0,5.0,3783796.758888478,246.95487157719953,69.09047246780347,68.70960628848908,92.7134591106144,50.63740694865626,18.845965405548913,38.60773404921659,34778232.74191591,242168.6562246018,325.69480973758436,153.12978046842346,2068.6083683209426,90.0681699762243,9072.617908488282,840.7780989404321,4079.6553109962474,537.5374348496279,0.0,0.0,34.0,17.0,168382.50118985257,88.39134789079829,41.584669780139194,104.71792162649807,95.25057029898252,35.185306758164465,2075.629772543224,0.0,1.0,0.0,0.0,0.0,0.0,0.8759973393493311,48.144695621472515,92.70486017092034,31.739815867041607,846.0,114.0,1.0,20.0,1
453844001.0601122,30181.0,2.0,789271.5641382004,428.09753157420835,93.03422111704096,71.49462279729482,132.69141647375884,88.87877663650384,14.127513188838435,49.675448829394334,75454306.75183354,263028.86955809593,687.8370599294981,11.764054911638677,2872.338296356792,85.4088746632211,6595.903568712186,529.1762192378618,4306.186710092271,638.3468117617903,0.0,0.0,36.0,10.0,118229.16159571653,70.47969382849021,58.1569900392505,199.98051874910425,112.79352753881658,20.222387119594625,278.4627671426662,0.0,1.0,0.0,1.0,1.0,0.0,0.379551107074678,145.4267284121114,65.5470773791717,27.12718754564074,917.0,240.0,0.0,22.0,1
170001984.91593534,40029.0,6.0,3892621.4607815514,385.2796513925499,103.5801837225481,86.54354884133667,123.38019416466811,79.23956468500528,24.609202021411683,51.70950596650458,54515991.6654838,93466.37979959454,40.83559734188113,127.45045190128523,2374.9872535718696,5.371536514522579,3961.4674508830017,61.12940236009179,4094.219424712206,139.6027857862491,1.0,1.0,37.0,14.0,6112.434831356246,69.25535452979048,52.86159355379192,167.70766312902242,42.645552324059835,29.999940427984605,1444.1123664376091,1.0,1.0,0.0,0.0,0.0,0.0,0.2711367178927484,73.55712981075307,144.7279617267397,55.893279601238696,94.0,51.0,0.0,26.0,1
140944900.540162,13795.0,8.0,3991049.235148507,9.425789518976657,139.6936411952354,98.65035904773586,88.05372082915517,49.882892442682106,8.72596738244126,33.795367948218576,26101813.118275534,554465.4825686398,681.8167256463189,85.60247112171288,2658.282142344427,82.36744898245642,4139.318081761838,833.2450388013244,2277.3818922086884,552.8619735351967,0.0,0.0,39.0,7.0,170391.52331477462,37.43008971424723,49.12621959210407,135.2292913270576,95.16950033098847,49.90765003063464,400.11181784775584,0.0,1.0,0.0,0.0,0.0,0.0,0.1951200554537248,79.48698751614032,101.52534670187505,11.942991737105375,614.0,83.0,2.0,39.0,1
